位号,数值或型号,封装,原理图页,布局图,局部组,局部X毫米,局部Y毫米,KiCad角度度
C1,22uF/25V,Capacitor_SMD:C_0805_2012Metric,02_usb_5v,03_两路5V降压与USB,见既有局部图,,,
C10,22uF/25V,Capacitor_SMD:C_0805_2012Metric,02_usb_5v,03_两路5V降压与USB,见既有局部图,,,
C101,100uF/25V,Capacitor_THT:CP_Radial_D10.0mm_P5.00mm,01_power_input,01_电池入口与电源开关,见既有局部图,,,
C102,100nF/50V,Capacitor_SMD:C_0805_2012Metric,01_power_input,02_电池窗口比较,见既有局部图,,,
C103,100nF/50V,Capacitor_SMD:C_0805_2012Metric,01_power_input,02_电池窗口比较,见既有局部图,,,
C104,1uF/25V,Capacitor_SMD:C_0805_2012Metric,02_usb_5v,03_两路5V降压与USB,见既有局部图,,,
C105,4.7uF/10V,Capacitor_SMD:C_0805_2012Metric,02_usb_5v,03_两路5V降压与USB,见既有局部图,,,
C106,1uF/25V,Capacitor_SMD:C_0805_2012Metric,02_usb_5v,03_两路5V降压与USB,见既有局部图,,,
C107,4.7uF/10V,Capacitor_SMD:C_0805_2012Metric,02_usb_5v,03_两路5V降压与USB,见既有局部图,,,
C108,10uF/25V,Capacitor_SMD:C_0805_2012Metric,03_aux_3v3,05_独立3V3与传感器,aux_buck,10,13.7,0
C109,100nF/50V,Capacitor_SMD:C_0603_1608Metric,03_aux_3v3,05_独立3V3与传感器,aux_buck,14,7.8,90
C11,1uF/25V,Capacitor_SMD:C_0805_2012Metric,02_usb_5v,03_两路5V降压与USB,见既有局部图,,,
C110,22uF/10V,Capacitor_SMD:C_0805_2012Metric,03_aux_3v3,05_独立3V3与传感器,aux_buck,19,20,0
C111,22uF/10V,Capacitor_SMD:C_0805_2012Metric,03_aux_3v3,05_独立3V3与传感器,aux_buck,23,20,0
C112,10uF/10V,Capacitor_SMD:C_0805_2012Metric,03_aux_3v3,05_独立3V3与传感器,aux_select,18,17,0
C113,100nF/50V,Capacitor_SMD:C_0805_2012Metric,03_aux_3v3,05_独立3V3与传感器,aux_select,18,20.5,0
C114,100nF/50V,Capacitor_SMD:C_0805_2012Metric,03_aux_3v3,05_独立3V3与传感器,aux_ports,5,11,0
C115,100nF/50V,Capacitor_SMD:C_0805_2012Metric,03_aux_3v3,05_独立3V3与传感器,aux_ports,17,11,0
C116,100nF/50V,Capacitor_SMD:C_0805_2012Metric,03_aux_3v3,05_独立3V3与传感器,aux_ports,29,11,0
C117,100nF/50V,Capacitor_SMD:C_0805_2012Metric,03_aux_3v3,05_独立3V3与传感器,aux_ports,41,11,0
C118,100nF/50V,Capacitor_SMD:C_0805_2012Metric,04_motor_safety,06_急停锁存与控制门,safety,20.6,10.2,0
C119,100nF/50V,Capacitor_SMD:C_0805_2012Metric,04_motor_safety,06_急停锁存与控制门,safety,34.6,10.2,0
C12,22uF/25V,Capacitor_SMD:C_0805_2012Metric,02_usb_5v,03_两路5V降压与USB,见既有局部图,,,
C120,100nF/50V,Capacitor_SMD:C_0805_2012Metric,04_motor_safety,06_急停锁存与控制门,safety,18,23.7,0
C121,100nF/50V,Capacitor_SMD:C_0805_2012Metric,07_motor_dump,09_动力开关与回生泄放,dump_compare,17.8,8.1,0
C122,470uF/25V,Capacitor_THT:CP_Radial_D10.0mm_P5.00mm,05_motor_left,07_左轮模块与检测,L_module,3,33,0
C123,100nF/50V,Capacitor_SMD:C_0805_2012Metric,05_motor_left,07_左轮模块与检测,L_module,8.3,25,0
C124,100nF/50V,Capacitor_SMD:C_0805_2012Metric,05_motor_left,07_左轮模块与检测,L_sense,14.5,8,0
C125,1uF/25V,Capacitor_SMD:C_0603_1608Metric,05_motor_left,07_左轮模块与检测,L_sense,1,8,180
C126,1uF/25V,Capacitor_SMD:C_0603_1608Metric,05_motor_left,07_左轮模块与检测,L_ref,7.46,16,-90
C127,100nF/50V,Capacitor_SMD:C_0805_2012Metric,05_motor_left,06_急停锁存与控制门,pwm_gate,15.6,6.2,0
C128,1nF/C0G,Capacitor_SMD:C_0603_1608Metric,05_motor_left,07_左轮模块与检测,L_encoder,10,10,-90
C129,1nF/C0G,Capacitor_SMD:C_0603_1608Metric,05_motor_left,07_左轮模块与检测,L_encoder,23,10,-90
C13,22uF/25V,Capacitor_SMD:C_0805_2012Metric,02_usb_5v,03_两路5V降压与USB,见既有局部图,,,
C130,100nF/50V,Capacitor_SMD:C_0805_2012Metric,05_motor_left,07_左轮模块与检测,L_module,4.5,12.5,0
C131,470uF/25V,Capacitor_THT:CP_Radial_D10.0mm_P5.00mm,06_motor_right,08_右轮模块与检测,R_module,3,33,0
C132,100nF/50V,Capacitor_SMD:C_0805_2012Metric,06_motor_right,08_右轮模块与检测,R_module,8.3,25,0
C133,100nF/50V,Capacitor_SMD:C_0805_2012Metric,06_motor_right,08_右轮模块与检测,R_sense,14.5,8,0
C134,1uF/25V,Capacitor_SMD:C_0603_1608Metric,06_motor_right,08_右轮模块与检测,R_sense,1,8,180
C135,1uF/25V,Capacitor_SMD:C_0603_1608Metric,06_motor_right,08_右轮模块与检测,R_ref,7.46,16,-90
C136,1nF/C0G,Capacitor_SMD:C_0603_1608Metric,06_motor_right,08_右轮模块与检测,R_encoder,10,10,-90
C137,1nF/C0G,Capacitor_SMD:C_0603_1608Metric,06_motor_right,08_右轮模块与检测,R_encoder,23,10,-90
C138,100nF/50V,Capacitor_SMD:C_0805_2012Metric,06_motor_right,08_右轮模块与检测,R_module,4.5,12.5,0
C139,100nF/50V,Capacitor_SMD:C_0805_2012Metric,08_rail_protection,10_两路5V过压保护,protect5L,17.8,22.1,0
C14,100nF/50V,Capacitor_SMD:C_0603_1608Metric,02_usb_5v,03_两路5V降压与USB,见既有局部图,,,
C140,100nF/50V,Capacitor_SMD:C_0805_2012Metric,08_rail_protection,10_两路5V过压保护,protect5R,17.8,22.1,0
C141,100nF/50V,Capacitor_SMD:C_0805_2012Metric,08_rail_protection,11_辅助保护与过流比较,protect3,17.8,19.1,0
C142,100nF/50V,Capacitor_SMD:C_0805_2012Metric,08_rail_protection,11_辅助保护与过流比较,overcurrent,17.8,8.1,0
C143,100nF/25V,Capacitor_SMD:C_0603_1608Metric,09_control_io,12_控制与监测接口,control,0,27,180
C15,220pF/C0G,Capacitor_SMD:C_0603_1608Metric,02_usb_5v,03_两路5V降压与USB,见既有局部图,,,
C16,1uF/25V,Capacitor_SMD:C_0805_2012Metric,02_usb_5v,03_两路5V降压与USB,见既有局部图,,,
C2,22uF/25V,Capacitor_SMD:C_0805_2012Metric,02_usb_5v,03_两路5V降压与USB,见既有局部图,,,
C3,22uF/25V,Capacitor_SMD:C_0805_2012Metric,02_usb_5v,03_两路5V降压与USB,见既有局部图,,,
C4,22uF/25V,Capacitor_SMD:C_0805_2012Metric,02_usb_5v,03_两路5V降压与USB,见既有局部图,,,
C5,22uF/25V,Capacitor_SMD:C_0805_2012Metric,02_usb_5v,03_两路5V降压与USB,见既有局部图,,,
C58,470uF/35V,Capacitor_THT:CP_Radial_D10.0mm_P5.00mm,01_power_input,01_电池入口与电源开关,见既有局部图,,,
C59,10uF/50V,Capacitor_SMD:C_0805_2012Metric,01_power_input,01_电池入口与电源开关,见既有局部图,,,
C6,100nF/50V,Capacitor_SMD:C_0603_1608Metric,02_usb_5v,03_两路5V降压与USB,见既有局部图,,,
C60,100nF/50V,Capacitor_SMD:C_0805_2012Metric,01_power_input,01_电池入口与电源开关,见既有局部图,,,
C7,220pF/C0G,Capacitor_SMD:C_0603_1608Metric,02_usb_5v,03_两路5V降压与USB,见既有局部图,,,
C8,22uF/25V,Capacitor_SMD:C_0805_2012Metric,02_usb_5v,03_两路5V降压与USB,见既有局部图,,,
C9,22uF/25V,Capacitor_SMD:C_0805_2012Metric,02_usb_5v,03_两路5V降压与USB,见既有局部图,,,
CN1,XT60PW-M / 三串电池,Connector_AMASS:AMASS_XT60PW-M_1x02_P7.20mm_Horizontal,01_power_input,01_电池入口与电源开关,见既有局部图,,,
D1,SMBJ15CA,Diode_SMD:D_SMB,01_power_input,01_电池入口与电源开关,见既有局部图,,,
D2,BZT52C12,Diode_SMD:D_SOD-123,01_power_input,01_电池入口与电源开关,见既有局部图,,,
D3,BZT52C12,Diode_SMD:D_SOD-123,01_power_input,01_电池入口与电源开关,见既有局部图,,,
D4,BZT52C12,Diode_SMD:D_SOD-123,07_motor_dump,09_动力开关与回生泄放,motor_switch,7.45,8,0
D5,BZT52C12,Diode_SMD:D_SOD-123,07_motor_dump,09_动力开关与回生泄放,dumpL,5.8,12,90
D6,BZT52C12,Diode_SMD:D_SOD-123,07_motor_dump,09_动力开关与回生泄放,dumpR,5.8,12,90
D7,BZT52C12,Diode_SMD:D_SOD-123,08_rail_protection,10_两路5V过压保护,protect5L,18,12.5,0
D8,BZT52C12,Diode_SMD:D_SOD-123,08_rail_protection,10_两路5V过压保护,protect5R,18,12.5,0
F1,10A/32V MINI总保险,Fuse:Fuseholder_Blade_Mini_Keystone_3568,01_power_input,01_电池入口与电源开关,见既有局部图,,,
FB1,220Ω@100MHz / 1A,Inductor_SMD:L_0805_2012Metric,03_aux_3v3,05_独立3V3与传感器,aux_select,12,17,0
J1,左轮控制,Connector_PinHeader_2.54mm:PinHeader_1x08_P2.54mm_Vertical,09_control_io,12_控制与监测接口,control,5,5,-90
J10,惯性传感器电源,Connector_JST:JST_PH_B2B-PH-K_1x02_P2.00mm_Vertical,03_aux_3v3,05_独立3V3与传感器,aux_ports,4,5,0
J11,测距传感器1电源,Connector_JST:JST_PH_B2B-PH-K_1x02_P2.00mm_Vertical,03_aux_3v3,05_独立3V3与传感器,aux_ports,16,5,0
J12,测距传感器2电源,Connector_JST:JST_PH_B2B-PH-K_1x02_P2.00mm_Vertical,03_aux_3v3,05_独立3V3与传感器,aux_ports,28,5,0
J13,测距传感器3电源,Connector_JST:JST_PH_B2B-PH-K_1x02_P2.00mm_Vertical,03_aux_3v3,05_独立3V3与传感器,aux_ports,40,5,0
J14,3.3V辅助输出,"TerminalBlock_Phoenix:TerminalBlock_Phoenix_MKDS-1,5-2-5.08_1x02_P5.08mm_Horizontal",03_aux_3v3,05_独立3V3与传感器,aux_select,25,8,0
J15,急停常闭回路,"TerminalBlock_Phoenix:TerminalBlock_Phoenix_MKDS-1,5-2-5.08_1x02_P5.08mm_Horizontal",04_motor_safety,06_急停锁存与控制门,safety,0,4,0
J16,左回生泄放 / 外接3.3Ω,"TerminalBlock_Phoenix:TerminalBlock_Phoenix_MKDS-1,5-2-5.08_1x02_P5.08mm_Horizontal",07_motor_dump,09_动力开关与回生泄放,dumpL,11,3,0
J17,右回生泄放 / 外接3.3Ω,"TerminalBlock_Phoenix:TerminalBlock_Phoenix_MKDS-1,5-2-5.08_1x02_P5.08mm_Horizontal",07_motor_dump,09_动力开关与回生泄放,dumpR,11,3,0
J18,电源监测 / 外部模数转换,Connector_PinHeader_2.54mm:PinHeader_1x12_P2.54mm_Vertical,09_control_io,12_控制与监测接口,control,5,30,-90
J2,右轮控制,Connector_PinHeader_2.54mm:PinHeader_1x08_P2.54mm_Vertical,09_control_io,12_控制与监测接口,control,5,16,-90
J3,MG513电机 / 核对线序,Connector_JST:JST_XH_B6B-XH-A_1x06_P2.50mm_Vertical,05_motor_left,07_左轮模块与检测,L_module,-2,10,-90
J4,MG513电机 / 核对线序,Connector_JST:JST_XH_B6B-XH-A_1x06_P2.50mm_Vertical,06_motor_right,08_右轮模块与检测,R_module,-2,10,-90
J9,可选逻辑板3.3V输入,Connector_PinHeader_2.54mm:PinHeader_1x02_P2.54mm_Vertical,03_aux_3v3,05_独立3V3与传感器,aux_select,2,3,90
JP1,1-2板载 / 2-3逻辑板,Connector_PinHeader_2.54mm:PinHeader_1x03_P2.54mm_Vertical,03_aux_3v3,05_独立3V3与传感器,aux_select,10,7,90
L1,4.7uH,Inductor_SMD:L_Changjiang_FXL0630,02_usb_5v,03_两路5V降压与USB,见既有局部图,,,
L2,4.7uH,Inductor_SMD:L_Changjiang_FXL0630,02_usb_5v,03_两路5V降压与USB,见既有局部图,,,
L3,4.7uH,Inductor_SMD:L_Changjiang_FXL0630,03_aux_3v3,05_独立3V3与传感器,aux_buck,19,13.7,0
Q1,IRF4905,Package_TO_SOT_THT:TO-220-3_Vertical,01_power_input,01_电池入口与电源开关,见既有局部图,,,
Q10,AO4409,Package_SO:SOIC-8_3.9x4.9mm_P1.27mm,08_rail_protection,10_两路5V过压保护,protect5R,22,7,0
Q11,MMBT3904,Package_TO_SOT_SMD:SOT-23,08_rail_protection,10_两路5V过压保护,protect5R,23,15,0
Q12,AO3401A,Package_TO_SOT_SMD:SOT-23,08_rail_protection,11_辅助保护与过流比较,protect3,22,6,180
Q13,MMBT3904,Package_TO_SOT_SMD:SOT-23,08_rail_protection,11_辅助保护与过流比较,protect3,22,11,180
Q2,IRF4905,Package_TO_SOT_THT:TO-220-3_Vertical,07_motor_dump,09_动力开关与回生泄放,motor_switch,10,11,180
Q3,IRF4905,Package_TO_SOT_THT:TO-220-3_Vertical,01_power_input,01_电池入口与电源开关,见既有局部图,,,
Q4,MMBT3904,Package_TO_SOT_SMD:SOT-23,01_power_input,01_电池入口与电源开关,见既有局部图,,,
Q5,MMBT3904,Package_TO_SOT_SMD:SOT-23,07_motor_dump,09_动力开关与回生泄放,motor_switch,14.75,7.9,180
Q6,IRLZ44N,Package_TO_SOT_THT:TO-220-3_Vertical,07_motor_dump,09_动力开关与回生泄放,dumpL,10,13,0
Q7,IRLZ44N,Package_TO_SOT_THT:TO-220-3_Vertical,07_motor_dump,09_动力开关与回生泄放,dumpR,10,13,0
Q8,AO4409,Package_SO:SOIC-8_3.9x4.9mm_P1.27mm,08_rail_protection,10_两路5V过压保护,protect5L,22,7,0
Q9,MMBT3904,Package_TO_SOT_SMD:SOT-23,08_rail_protection,10_两路5V过压保护,protect5L,23,15,0
R1,10R,Resistor_SMD:R_0603_1608Metric,02_usb_5v,03_两路5V降压与USB,见既有局部图,,,
R100,100R,Resistor_SMD:R_0603_1608Metric,06_motor_right,08_右轮模块与检测,R_encoder,5,7,0
R101,10k,Resistor_SMD:R_0603_1608Metric,06_motor_right,08_右轮模块与检测,R_encoder,10,3,-90
R102,100R,Resistor_SMD:R_0603_1608Metric,06_motor_right,08_右轮模块与检测,R_encoder,18,7,0
R103,10k,Resistor_SMD:R_0603_1608Metric,06_motor_right,08_右轮模块与检测,R_encoder,23,3,-90
R104,11.5k/0.1%,Resistor_SMD:R_0603_1608Metric,08_rail_protection,10_两路5V过压保护,protect5L,5,21.9,90
R105,10.0k/0.1%,Resistor_SMD:R_0603_1608Metric,08_rail_protection,10_两路5V过压保护,protect5L,5,26,90
R106,10k,Resistor_SMD:R_0603_1608Metric,08_rail_protection,10_两路5V过压保护,protect5L,7,18,0
R107,1k,Resistor_SMD:R_0603_1608Metric,08_rail_protection,10_两路5V过压保护,protect5L,18,15,0
R108,4.7k,Resistor_SMD:R_0603_1608Metric,08_rail_protection,10_两路5V过压保护,protect5L,23,19,90
R109,11.5k/0.1%,Resistor_SMD:R_0603_1608Metric,08_rail_protection,10_两路5V过压保护,protect5R,5,21.9,90
R11,82.5k/0.1%,Resistor_SMD:R_0603_1608Metric,02_usb_5v,03_两路5V降压与USB,见既有局部图,,,
R110,10.0k/0.1%,Resistor_SMD:R_0603_1608Metric,08_rail_protection,10_两路5V过压保护,protect5R,5,26,90
R111,10k,Resistor_SMD:R_0603_1608Metric,08_rail_protection,10_两路5V过压保护,protect5R,7,18,0
R112,1k,Resistor_SMD:R_0603_1608Metric,08_rail_protection,10_两路5V过压保护,protect5R,18,15,0
R113,4.7k,Resistor_SMD:R_0603_1608Metric,08_rail_protection,10_两路5V过压保护,protect5R,23,19,90
R114,3.83k/0.1%,Resistor_SMD:R_0603_1608Metric,08_rail_protection,11_辅助保护与过流比较,protect3,5,19,90
R115,10.0k/0.1%,Resistor_SMD:R_0603_1608Metric,08_rail_protection,11_辅助保护与过流比较,protect3,5,23,90
R116,1k,Resistor_SMD:R_0603_1608Metric,08_rail_protection,11_辅助保护与过流比较,protect3,17.5,6,180
R117,4.7k,Resistor_SMD:R_0603_1608Metric,08_rail_protection,11_辅助保护与过流比较,protect3,22,15,90
R118,10k,Resistor_SMD:R_0603_1608Metric,08_rail_protection,11_辅助保护与过流比较,protect3,7,15,0
R119,30.9k/0.1%,Resistor_SMD:R_0603_1608Metric,08_rail_protection,11_辅助保护与过流比较,protect3,20,25,90
R12,11.0k/0.1%,Resistor_SMD:R_0603_1608Metric,02_usb_5v,03_两路5V降压与USB,见既有局部图,,,
R120,10.0k/0.1%,Resistor_SMD:R_0603_1608Metric,08_rail_protection,11_辅助保护与过流比较,protect3,16,25,0
R121,10k,Resistor_SMD:R_0603_1608Metric,08_rail_protection,11_辅助保护与过流比较,protect3,19,21.7,0
R122,10.5k/0.1%,Resistor_SMD:R_0603_1608Metric,08_rail_protection,11_辅助保护与过流比较,overcurrent,7,6,-90
R123,10.0k/0.1%,Resistor_SMD:R_0603_1608Metric,08_rail_protection,11_辅助保护与过流比较,overcurrent,7,10,-90
R124,100k/0.1%,Resistor_SMD:R_0603_1608Metric,09_control_io,12_控制与监测接口,control,1,23,0
R125,27.4k/0.1%,Resistor_SMD:R_0603_1608Metric,09_control_io,12_控制与监测接口,control,5,26,90
R2,82.5k/0.1%,Resistor_SMD:R_0603_1608Metric,02_usb_5v,03_两路5V降压与USB,见既有局部图,,,
R3,11.0k/0.1%,Resistor_SMD:R_0603_1608Metric,02_usb_5v,03_两路5V降压与USB,见既有局部图,,,
R51,100k,Resistor_SMD:R_0603_1608Metric,01_power_input,01_电池入口与电源开关,见既有局部图,,,
R52,2.2k,Resistor_SMD:R_0603_1608Metric,01_power_input,01_电池入口与电源开关/02_电池窗口比较,见既有局部图,,,
R53,10k,Resistor_SMD:R_0603_1608Metric,01_power_input,01_电池入口与电源开关,见既有局部图,,,
R54,4.7k,Resistor_SMD:R_0603_1608Metric,01_power_input,01_电池入口与电源开关,见既有局部图,,,
R55,26.1k/0.1%,Resistor_SMD:R_0603_1608Metric,01_power_input,02_电池窗口比较,见既有局部图,,,
R56,10.0k/0.1%,Resistor_SMD:R_0603_1608Metric,01_power_input,02_电池窗口比较,见既有局部图,,,
R57,46.4k/0.1%,Resistor_SMD:R_0603_1608Metric,01_power_input,02_电池窗口比较,见既有局部图,,,
R58,10.0k/0.1%,Resistor_SMD:R_0603_1608Metric,01_power_input,02_电池窗口比较,见既有局部图,,,
R59,10k,Resistor_SMD:R_0603_1608Metric,01_power_input,02_电池窗口比较,见既有局部图,,,
R6,10R,Resistor_SMD:R_0603_1608Metric,02_usb_5v,03_两路5V降压与USB,见既有局部图,,,
R60,28.7k/0.1%,Resistor_SMD:R_0603_1608Metric,01_power_input,02_电池窗口比较,见既有局部图,,,
R61,10.0k/0.1%,Resistor_SMD:R_0603_1608Metric,01_power_input,02_电池窗口比较,见既有局部图,,,
R62,46.4k/0.1%,Resistor_SMD:R_0603_1608Metric,01_power_input,02_电池窗口比较,见既有局部图,,,
R63,10.0k/0.1%,Resistor_SMD:R_0603_1608Metric,01_power_input,02_电池窗口比较,见既有局部图,,,
R64,10k,Resistor_SMD:R_0603_1608Metric,01_power_input,02_电池窗口比较,见既有局部图,,,
R65,150k/1%,Resistor_SMD:R_0603_1608Metric,02_usb_5v,03_两路5V降压与USB,见既有局部图,,,
R66,10k,Resistor_SMD:R_0603_1608Metric,02_usb_5v,03_两路5V降压与USB,见既有局部图,,,
R67,150k/1%,Resistor_SMD:R_0603_1608Metric,02_usb_5v,03_两路5V降压与USB,见既有局部图,,,
R68,10k,Resistor_SMD:R_0603_1608Metric,02_usb_5v,03_两路5V降压与USB,见既有局部图,,,
R69,10k,Resistor_SMD:R_0603_1608Metric,04_motor_safety,06_急停锁存与控制门,safety,9.5,10,90
R70,10k,Resistor_SMD:R_0603_1608Metric,04_motor_safety,06_急停锁存与控制门,safety,8,13.5,90
R71,10k,Resistor_SMD:R_0603_1608Metric,04_motor_safety,06_急停锁存与控制门,safety,23,15,0
R72,10k,Resistor_SMD:R_0603_1608Metric,04_motor_safety,06_急停锁存与控制门,safety,8,17,90
R73,4.7k,Resistor_SMD:R_0603_1608Metric,04_motor_safety,06_急停锁存与控制门,safety,23,20,0
R74,10k,Resistor_SMD:R_0603_1608Metric,07_motor_dump,09_动力开关与回生泄放,motor_switch,7.45,5.8,0
R75,4.7k,Resistor_SMD:R_0603_1608Metric,07_motor_dump,09_动力开关与回生泄放,motor_switch,18.5,8.85,180
R76,51.1k/0.1%,Resistor_SMD:R_0603_1608Metric,07_motor_dump,09_动力开关与回生泄放,dump_compare,5,10.635,0
R77,10.0k/0.1%,Resistor_SMD:R_0603_1608Metric,07_motor_dump,09_动力开关与回生泄放,dump_compare,5,14,0
R78,4.7k,Resistor_SMD:R_0603_1608Metric,07_motor_dump,09_动力开关与回生泄放,dumpL,7,7,90
R79,1M,Resistor_SMD:R_0603_1608Metric,07_motor_dump,09_动力开关与回生泄放,dump_compare,5,6.8,0
R80,51.1k/0.1%,Resistor_SMD:R_0603_1608Metric,07_motor_dump,09_动力开关与回生泄放,dump_compare,20,11.9,180
R81,10.0k/0.1%,Resistor_SMD:R_0603_1608Metric,07_motor_dump,09_动力开关与回生泄放,dump_compare,20,15.3,0
R82,4.7k,Resistor_SMD:R_0603_1608Metric,07_motor_dump,09_动力开关与回生泄放,dumpR,7,7,90
R83,1M,Resistor_SMD:R_0603_1608Metric,07_motor_dump,09_动力开关与回生泄放,dump_compare,24,8.5,90
R84,0.020R/1%/1W,Resistor_SMD:R_2512_6332Metric,05_motor_left,07_左轮模块与检测,L_sense,10,14,0
R85,1k,Resistor_SMD:R_0603_1608Metric,05_motor_left,07_左轮模块与检测,L_sense,5,8,180
R86,1k,Resistor_SMD:R_0603_1608Metric,05_motor_left,07_左轮模块与检测,L_ref,7.46,12,-90
R87,100k,Resistor_SMD:R_0603_1608Metric,05_motor_left,07_左轮模块与检测,L_ref,11.5,16,-90
R88,10k,Resistor_SMD:R_0603_1608Metric,05_motor_left,07_左轮模块与检测,L_module,39.5,20.16,0
R89,10k,Resistor_SMD:R_0603_1608Metric,05_motor_left,07_左轮模块与检测,L_module,39.5,17.62,0
R90,100R,Resistor_SMD:R_0603_1608Metric,05_motor_left,07_左轮模块与检测,L_encoder,5,7,0
R91,10k,Resistor_SMD:R_0603_1608Metric,05_motor_left,07_左轮模块与检测,L_encoder,10,3,-90
R92,100R,Resistor_SMD:R_0603_1608Metric,05_motor_left,07_左轮模块与检测,L_encoder,18,7,0
R93,10k,Resistor_SMD:R_0603_1608Metric,05_motor_left,07_左轮模块与检测,L_encoder,23,3,-90
R94,0.020R/1%/1W,Resistor_SMD:R_2512_6332Metric,06_motor_right,08_右轮模块与检测,R_sense,10,14,0
R95,1k,Resistor_SMD:R_0603_1608Metric,06_motor_right,08_右轮模块与检测,R_sense,5,8,180
R96,1k,Resistor_SMD:R_0603_1608Metric,06_motor_right,08_右轮模块与检测,R_ref,7.46,12,-90
R97,100k,Resistor_SMD:R_0603_1608Metric,06_motor_right,08_右轮模块与检测,R_ref,11.5,16,-90
R98,10k,Resistor_SMD:R_0603_1608Metric,06_motor_right,08_右轮模块与检测,R_module,39.5,20.16,0
R99,10k,Resistor_SMD:R_0603_1608Metric,06_motor_right,08_右轮模块与检测,R_module,39.5,17.62,0
RV1,10k/3296W,Potentiometer_THT:Potentiometer_Bourns_3296W_Vertical,05_motor_left,07_左轮模块与检测,L_ref,10,6,0
RV2,10k/3296W,Potentiometer_THT:Potentiometer_Bourns_3296W_Vertical,06_motor_right,08_右轮模块与检测,R_ref,10,6,0
TP1,电机总开关输出,TestPoint:TestPoint_Pad_D2.0mm,07_motor_dump,09_动力开关与回生泄放,motor_switch,3,17,0
U1,MP2236GJ-Z,Package_TO_SOT_SMD:TSOT-23-8,02_usb_5v,03_两路5V降压与USB,见既有局部图,,,
U10,74HC08D,Package_SO:SOIC-14_3.9x8.7mm_P1.27mm,04_motor_safety,06_急停锁存与控制门,safety,15,14,0
U11,74HC08D,Package_SO:SOIC-14_3.9x8.7mm_P1.27mm,05_motor_left/06_motor_right,06_急停锁存与控制门,pwm_gate,10,10,0
U12,74HC74D,Package_SO:SOIC-14_3.9x8.7mm_P1.27mm,04_motor_safety,06_急停锁存与控制门,safety,29,14,0
U13,MCP100-300DI/TO,Package_TO_SOT_THT:TO-92_Inline,04_motor_safety,06_急停锁存与控制门,safety,13,25,90
U2,AT8236双路模块,EdgeMind_Module:AT8236_Dual_PinSocket_2x7_P2.54_Row23.0005mm,05_motor_left,07_左轮模块与检测,L_module,12,10,0
U21,TL431BIDBZR,Package_TO_SOT_SMD:SOT-23,01_power_input,01_电池入口与电源开关/02_电池窗口比较,见既有局部图,,,
U22,LM393BIDR,Package_SO:SOIC-8_3.9x4.9mm_P1.27mm,01_power_input,02_电池窗口比较,见既有局部图,,,
U23,LM393BIDR,Package_SO:SOIC-8_3.9x4.9mm_P1.27mm,01_power_input,02_电池窗口比较,见既有局部图,,,
U24,LM393BIDR,Package_SO:SOIC-8_3.9x4.9mm_P1.27mm,07_motor_dump,09_动力开关与回生泄放,dump_compare,12,10,0
U25,INA180A1IDBVR,Package_TO_SOT_SMD:SOT-23-5,05_motor_left,07_左轮模块与检测,L_sense,10,9,0
U26,INA180A1IDBVR,Package_TO_SOT_SMD:SOT-23-5,06_motor_right,08_右轮模块与检测,R_sense,10,9,0
U27,LM393BIDR,Package_SO:SOIC-8_3.9x4.9mm_P1.27mm,08_rail_protection,10_两路5V过压保护,protect5L,12,24,0
U28,LM393BIDR,Package_SO:SOIC-8_3.9x4.9mm_P1.27mm,08_rail_protection,10_两路5V过压保护,protect5R,12,24,0
U29,LM393BIDR,Package_SO:SOIC-8_3.9x4.9mm_P1.27mm,08_rail_protection,11_辅助保护与过流比较,protect3,12,21,0
U3,AP63203WU-7,Package_TO_SOT_SMD:TSOT-23-6,03_aux_3v3,05_独立3V3与传感器,aux_buck,10,10,0
U30,LM393BIDR,Package_SO:SOIC-8_3.9x4.9mm_P1.27mm,08_rail_protection,11_辅助保护与过流比较,overcurrent,12,10,0
U4,AT8236双路模块,EdgeMind_Module:AT8236_Dual_PinSocket_2x7_P2.54_Row23.1275mm,06_motor_right,08_右轮模块与检测,R_module,12,10,0
U5,MP2236GJ-Z,Package_TO_SOT_SMD:TSOT-23-8,02_usb_5v,03_两路5V降压与USB,见既有局部图,,,
U7,HUSB305-02,Package_TO_SOT_SMD:TSOT-23-8,02_usb_5v,03_两路5V降压与USB,见既有局部图,,,
U8,HUSB305-02,Package_TO_SOT_SMD:TSOT-23-8,02_usb_5v,03_两路5V降压与USB,见既有局部图,,,
USB1,USB4125-GF-A / 六针供电,Connector_USB:USB_C_Receptacle_GCT_USB4125-xx-x_6P_TopMnt_Horizontal,02_usb_5v,03_两路5V降压与USB,见既有局部图,,,
USB2,USB4125-GF-A / 六针供电,Connector_USB:USB_C_Receptacle_GCT_USB4125-xx-x_6P_TopMnt_Horizontal,02_usb_5v,03_两路5V降压与USB,见既有局部图,,,
