Reference,Pin/Pad,Net,Footprint,SchematicUUID,PCB_UUID
C1,1,GND,ProPrj_pow-easyedapro:C0805,9532639a-192f-4387-9e30-d6a73039d06c,0df21acf-8c04-4aea-ac9e-fe96935ed2fa
C1,2,VCCIN,ProPrj_pow-easyedapro:C0805,9532639a-192f-4387-9e30-d6a73039d06c,0df21acf-8c04-4aea-ac9e-fe96935ed2fa
C2,1,GND,ProPrj_pow-easyedapro:C0805,7f2cbcad-14d4-4bbe-b2f9-b1617291b055,c0a39133-b87a-4211-b177-444096d060e8
C2,2,VCCIN,ProPrj_pow-easyedapro:C0805,7f2cbcad-14d4-4bbe-b2f9-b1617291b055,c0a39133-b87a-4211-b177-444096d060e8
C3,1,GND,ProPrj_pow-easyedapro:C0805,23087e86-c8b5-4564-97f4-7d17299d3ddd,6e3f7528-650a-4d0f-956a-5babf2ef4fd6
C3,2,VCCIN,ProPrj_pow-easyedapro:C0805,23087e86-c8b5-4564-97f4-7d17299d3ddd,6e3f7528-650a-4d0f-956a-5babf2ef4fd6
C4,1,VCCOUT,ProPrj_pow-easyedapro:C0805,72d2bf58-6353-4183-b7b6-6b4cb20d9fb2,905ff56c-14bb-4505-a252-f58795936c84
C4,2,GND,ProPrj_pow-easyedapro:C0805,72d2bf58-6353-4183-b7b6-6b4cb20d9fb2,905ff56c-14bb-4505-a252-f58795936c84
C5,1,VCCOUT,ProPrj_pow-easyedapro:C0805,2e962bbf-c5cf-4e30-9079-d0a39561dbfb,8069594b-2fcd-4a02-875e-ec7e2216ed21
C5,2,GND,ProPrj_pow-easyedapro:C0805,2e962bbf-c5cf-4e30-9079-d0a39561dbfb,8069594b-2fcd-4a02-875e-ec7e2216ed21
C6,1,Net-(C6-Pad1),ProPrj_pow-easyedapro:C0603,c6cc2986-c24c-49a6-9292-7f62d4b97e26,7a53606b-0dcc-4245-803b-9d87cdb2da9a
C6,2,Net-(U5-SW),ProPrj_pow-easyedapro:C0603,c6cc2986-c24c-49a6-9292-7f62d4b97e26,7a53606b-0dcc-4245-803b-9d87cdb2da9a
C7,1,VCCOUT,ProPrj_pow-easyedapro:C0603,af627279-93d4-4241-adc3-1744a714d9f3,18a23152-5f7a-41a6-adf0-478e81632ba2
C7,2,Net-(U5-FB),ProPrj_pow-easyedapro:C0603,af627279-93d4-4241-adc3-1744a714d9f3,18a23152-5f7a-41a6-adf0-478e81632ba2
C8,1,GND,ProPrj_pow-easyedapro:C0805,c504bdd2-2733-411f-bde3-000039744738,a8b9b5ea-ff94-4f72-b218-bd10f378a5d2
C8,2,VCCIN,ProPrj_pow-easyedapro:C0805,c504bdd2-2733-411f-bde3-000039744738,a8b9b5ea-ff94-4f72-b218-bd10f378a5d2
C9,1,GND,ProPrj_pow-easyedapro:C0805,57b80bd0-39f0-4d18-b0c7-d87276b52727,56c0cbe0-7464-4605-8a6f-75b952cdbe9f
C9,2,VCCIN,ProPrj_pow-easyedapro:C0805,57b80bd0-39f0-4d18-b0c7-d87276b52727,56c0cbe0-7464-4605-8a6f-75b952cdbe9f
C10,1,GND,ProPrj_pow-easyedapro:C0805,11f0bf5d-6d31-4b30-b69c-010147395bed,d5407d85-29da-4f9a-a644-b58888c76032
C10,2,VCCIN,ProPrj_pow-easyedapro:C0805,11f0bf5d-6d31-4b30-b69c-010147395bed,d5407d85-29da-4f9a-a644-b58888c76032
C11,1,Net-(U5-VCC),ProPrj_pow-easyedapro:C0603,e0c9893c-b05d-4818-834e-09107e14feec,ce10c02c-668b-4ccb-bf71-26d9173ccedb
C11,2,GND,ProPrj_pow-easyedapro:C0603,e0c9893c-b05d-4818-834e-09107e14feec,ce10c02c-668b-4ccb-bf71-26d9173ccedb
C12,1,VCCOUT1,ProPrj_pow-easyedapro:C0805,c2c508c0-bf8f-451f-9bde-c009541b1a25,7fa0ac60-c9b9-4979-bb88-59778011b39d
C12,2,GND,ProPrj_pow-easyedapro:C0805,c2c508c0-bf8f-451f-9bde-c009541b1a25,7fa0ac60-c9b9-4979-bb88-59778011b39d
C13,1,VCCOUT1,ProPrj_pow-easyedapro:C0805,38ec3d84-3969-4862-bada-fc1936cae331,8c9db3bb-3ed0-43ff-89ad-ef59067bf8f6
C13,2,GND,ProPrj_pow-easyedapro:C0805,38ec3d84-3969-4862-bada-fc1936cae331,8c9db3bb-3ed0-43ff-89ad-ef59067bf8f6
C14,1,Net-(C14-Pad1),ProPrj_pow-easyedapro:C0603,6335cdf8-e346-4349-8c81-24dc77578d3b,95fbb784-ed8e-4c73-bb4f-afae9b0ed530
C14,2,Net-(U1-SW),ProPrj_pow-easyedapro:C0603,6335cdf8-e346-4349-8c81-24dc77578d3b,95fbb784-ed8e-4c73-bb4f-afae9b0ed530
C15,1,VCCOUT1,ProPrj_pow-easyedapro:C0603,4dd19102-da9a-46ca-8fb9-09c124bb3f9d,8cd93dd1-539b-475e-842c-469d8067a6c0
C15,2,Net-(U1-FB),ProPrj_pow-easyedapro:C0603,4dd19102-da9a-46ca-8fb9-09c124bb3f9d,8cd93dd1-539b-475e-842c-469d8067a6c0
C16,1,Net-(U1-VCC),ProPrj_pow-easyedapro:C0603,35d280a0-4851-40bf-8536-f3caf303f1d6,53be75bc-39a1-4790-aab4-5f783507bdbc
C16,2,GND,ProPrj_pow-easyedapro:C0603,35d280a0-4851-40bf-8536-f3caf303f1d6,53be75bc-39a1-4790-aab4-5f783507bdbc
C58,1,VCCIN,ProPrj_pow-easyedapro:C0805_C58,6b5f31ba-0130-4157-888a-45b77c490136,31bc1cc5-b329-416e-8ab7-29c62b43bb07
C58,2,GND,ProPrj_pow-easyedapro:C0805_C58,6b5f31ba-0130-4157-888a-45b77c490136,31bc1cc5-b329-416e-8ab7-29c62b43bb07
C59,1,VCCIN,ProPrj_pow-easyedapro:C0805_C59,d4f09e2c-5d51-45a8-8b9e-09a698c97715,fd91b041-8aaf-4d76-93a2-d3f963299ba0
C59,2,GND,ProPrj_pow-easyedapro:C0805_C59,d4f09e2c-5d51-45a8-8b9e-09a698c97715,fd91b041-8aaf-4d76-93a2-d3f963299ba0
C60,1,VCCIN,ProPrj_pow-easyedapro:C0805_C60,d68a2f01-8047-40b0-bf61-a3bae9a1620b,d3cca279-9f16-46d5-9048-b7995ace7fb8
C60,2,GND,ProPrj_pow-easyedapro:C0805_C60,d68a2f01-8047-40b0-bf61-a3bae9a1620b,d3cca279-9f16-46d5-9048-b7995ace7fb8
C61,1,VCCIN,ProPrj_pow-easyedapro:C0805_C61,40f9e80c-3f30-4c43-853c-718f6dd60f85,28d5e85e-c0c7-4509-8459-fc7ea5b01f40
C61,2,GND,ProPrj_pow-easyedapro:C0805_C61,40f9e80c-3f30-4c43-853c-718f6dd60f85,28d5e85e-c0c7-4509-8459-fc7ea5b01f40
CN1,1,GND,ProPrj_pow-easyedapro:CONN-TH_XT60PW-M,e4d0630e-82af-4a79-92ae-d8a64a0afee4,473ee340-aff0-40db-8769-92d0b3d4fe71
CN1,2,VCCIN,ProPrj_pow-easyedapro:CONN-TH_XT60PW-M,e4d0630e-82af-4a79-92ae-d8a64a0afee4,473ee340-aff0-40db-8769-92d0b3d4fe71
CN1,3,GND,ProPrj_pow-easyedapro:CONN-TH_XT60PW-M,e4d0630e-82af-4a79-92ae-d8a64a0afee4,473ee340-aff0-40db-8769-92d0b3d4fe71
CN1,4,GND,ProPrj_pow-easyedapro:CONN-TH_XT60PW-M,e4d0630e-82af-4a79-92ae-d8a64a0afee4,473ee340-aff0-40db-8769-92d0b3d4fe71
D1,1,/VM,ProPrj_pow-easyedapro:SOD-123_L2.7-W1.8-LS3.7-RD,57dec5da-6c74-4818-bf3e-1db1f6b62e60,9306bd9a-301b-4e4a-bf87-a307ab5e097a
D1,2,GND,ProPrj_pow-easyedapro:SOD-123_L2.7-W1.8-LS3.7-RD,57dec5da-6c74-4818-bf3e-1db1f6b62e60,9306bd9a-301b-4e4a-bf87-a307ab5e097a
J1,1,/LAIN1,ProPrj_pow-easyedapro:CONN-TH_LAIL-PZ2.54-8P-L,5112548e-285c-4489-8e9e-88c8e0732f34,1dc8323d-9bc4-4a8f-91b4-48b0fb295b21
J1,2,/LAIN2,ProPrj_pow-easyedapro:CONN-TH_LAIL-PZ2.54-8P-L,5112548e-285c-4489-8e9e-88c8e0732f34,1dc8323d-9bc4-4a8f-91b4-48b0fb295b21
J1,3,/LBIN1,ProPrj_pow-easyedapro:CONN-TH_LAIL-PZ2.54-8P-L,5112548e-285c-4489-8e9e-88c8e0732f34,1dc8323d-9bc4-4a8f-91b4-48b0fb295b21
J1,4,/LBIN2,ProPrj_pow-easyedapro:CONN-TH_LAIL-PZ2.54-8P-L,5112548e-285c-4489-8e9e-88c8e0732f34,1dc8323d-9bc4-4a8f-91b4-48b0fb295b21
J1,5,GND,ProPrj_pow-easyedapro:CONN-TH_LAIL-PZ2.54-8P-L,5112548e-285c-4489-8e9e-88c8e0732f34,1dc8323d-9bc4-4a8f-91b4-48b0fb295b21
J1,6,/3.3V,ProPrj_pow-easyedapro:CONN-TH_LAIL-PZ2.54-8P-L,5112548e-285c-4489-8e9e-88c8e0732f34,1dc8323d-9bc4-4a8f-91b4-48b0fb295b21
J1,7,/LF_ENA,ProPrj_pow-easyedapro:CONN-TH_LAIL-PZ2.54-8P-L,5112548e-285c-4489-8e9e-88c8e0732f34,1dc8323d-9bc4-4a8f-91b4-48b0fb295b21
J1,8,/LF_ENB,ProPrj_pow-easyedapro:CONN-TH_LAIL-PZ2.54-8P-L,5112548e-285c-4489-8e9e-88c8e0732f34,1dc8323d-9bc4-4a8f-91b4-48b0fb295b21
J2,1,/RF_ENB,ProPrj_pow-easyedapro:CONN-TH_LAIL-PZ2.54-8P-L,ef2d492a-48b1-4996-9c39-5091efacfc96,ce9a3634-beb9-4711-8e14-d60eae1e27a1
J2,2,/RF_ENA,ProPrj_pow-easyedapro:CONN-TH_LAIL-PZ2.54-8P-L,ef2d492a-48b1-4996-9c39-5091efacfc96,ce9a3634-beb9-4711-8e14-d60eae1e27a1
J2,3,/3.3V,ProPrj_pow-easyedapro:CONN-TH_LAIL-PZ2.54-8P-L,ef2d492a-48b1-4996-9c39-5091efacfc96,ce9a3634-beb9-4711-8e14-d60eae1e27a1
J2,4,GND,ProPrj_pow-easyedapro:CONN-TH_LAIL-PZ2.54-8P-L,ef2d492a-48b1-4996-9c39-5091efacfc96,ce9a3634-beb9-4711-8e14-d60eae1e27a1
J2,5,/RAIN1,ProPrj_pow-easyedapro:CONN-TH_LAIL-PZ2.54-8P-L,ef2d492a-48b1-4996-9c39-5091efacfc96,ce9a3634-beb9-4711-8e14-d60eae1e27a1
J2,6,/RAIN2,ProPrj_pow-easyedapro:CONN-TH_LAIL-PZ2.54-8P-L,ef2d492a-48b1-4996-9c39-5091efacfc96,ce9a3634-beb9-4711-8e14-d60eae1e27a1
J2,7,/RBIN1,ProPrj_pow-easyedapro:CONN-TH_LAIL-PZ2.54-8P-L,ef2d492a-48b1-4996-9c39-5091efacfc96,ce9a3634-beb9-4711-8e14-d60eae1e27a1
J2,8,/RBIN2,ProPrj_pow-easyedapro:CONN-TH_LAIL-PZ2.54-8P-L,ef2d492a-48b1-4996-9c39-5091efacfc96,ce9a3634-beb9-4711-8e14-d60eae1e27a1
J3,1,/LAOUT2,ProPrj_pow-easyedapro:CONN-TH_6P-P2.50_BX-XH2.54-6PZZ,8c04e8b2-f09a-451e-9582-67f7d7caf0cb,113f1858-6b92-4114-9f73-80916323fcff
J3,2,/3.3V,ProPrj_pow-easyedapro:CONN-TH_6P-P2.50_BX-XH2.54-6PZZ,8c04e8b2-f09a-451e-9582-67f7d7caf0cb,113f1858-6b92-4114-9f73-80916323fcff
J3,3,/LF_ENA,ProPrj_pow-easyedapro:CONN-TH_6P-P2.50_BX-XH2.54-6PZZ,8c04e8b2-f09a-451e-9582-67f7d7caf0cb,113f1858-6b92-4114-9f73-80916323fcff
J3,4,/LF_ENB,ProPrj_pow-easyedapro:CONN-TH_6P-P2.50_BX-XH2.54-6PZZ,8c04e8b2-f09a-451e-9582-67f7d7caf0cb,113f1858-6b92-4114-9f73-80916323fcff
J3,5,GND,ProPrj_pow-easyedapro:CONN-TH_6P-P2.50_BX-XH2.54-6PZZ,8c04e8b2-f09a-451e-9582-67f7d7caf0cb,113f1858-6b92-4114-9f73-80916323fcff
J3,6,/LAOUT1,ProPrj_pow-easyedapro:CONN-TH_6P-P2.50_BX-XH2.54-6PZZ,8c04e8b2-f09a-451e-9582-67f7d7caf0cb,113f1858-6b92-4114-9f73-80916323fcff
J4,1,/RAOUT2,ProPrj_pow-easyedapro:CONN-TH_6P-P2.50_BX-XH2.54-6PZZ,4ba2f72a-f3a5-4eed-b8ad-2a634c3534d3,3621a9c9-f322-4450-a96a-85727be919ab
J4,2,/3.3V,ProPrj_pow-easyedapro:CONN-TH_6P-P2.50_BX-XH2.54-6PZZ,4ba2f72a-f3a5-4eed-b8ad-2a634c3534d3,3621a9c9-f322-4450-a96a-85727be919ab
J4,3,/RF_ENA,ProPrj_pow-easyedapro:CONN-TH_6P-P2.50_BX-XH2.54-6PZZ,4ba2f72a-f3a5-4eed-b8ad-2a634c3534d3,3621a9c9-f322-4450-a96a-85727be919ab
J4,4,/RF_ENB,ProPrj_pow-easyedapro:CONN-TH_6P-P2.50_BX-XH2.54-6PZZ,4ba2f72a-f3a5-4eed-b8ad-2a634c3534d3,3621a9c9-f322-4450-a96a-85727be919ab
J4,5,GND,ProPrj_pow-easyedapro:CONN-TH_6P-P2.50_BX-XH2.54-6PZZ,4ba2f72a-f3a5-4eed-b8ad-2a634c3534d3,3621a9c9-f322-4450-a96a-85727be919ab
J4,6,/RAOUT1,ProPrj_pow-easyedapro:CONN-TH_6P-P2.50_BX-XH2.54-6PZZ,4ba2f72a-f3a5-4eed-b8ad-2a634c3534d3,3621a9c9-f322-4450-a96a-85727be919ab
J5,1,/LAOUT2,ProPrj_pow-easyedapro:HDR-TH_LAIL-PM2.54-7P-L,766a0616-875f-42d8-8773-a2e6d72213b3,b54be2a6-8e2d-430e-8129-7cb8f266c155
J5,2,/LAOUT1,ProPrj_pow-easyedapro:HDR-TH_LAIL-PM2.54-7P-L,766a0616-875f-42d8-8773-a2e6d72213b3,b54be2a6-8e2d-430e-8129-7cb8f266c155
J5,3,/LBIN1,ProPrj_pow-easyedapro:HDR-TH_LAIL-PM2.54-7P-L,766a0616-875f-42d8-8773-a2e6d72213b3,b54be2a6-8e2d-430e-8129-7cb8f266c155
J5,4,/LBIN2,ProPrj_pow-easyedapro:HDR-TH_LAIL-PM2.54-7P-L,766a0616-875f-42d8-8773-a2e6d72213b3,b54be2a6-8e2d-430e-8129-7cb8f266c155
J5,5,/3.3V,ProPrj_pow-easyedapro:HDR-TH_LAIL-PM2.54-7P-L,766a0616-875f-42d8-8773-a2e6d72213b3,b54be2a6-8e2d-430e-8129-7cb8f266c155
J5,6,/VM,ProPrj_pow-easyedapro:HDR-TH_LAIL-PM2.54-7P-L,766a0616-875f-42d8-8773-a2e6d72213b3,b54be2a6-8e2d-430e-8129-7cb8f266c155
J5,7,GND,ProPrj_pow-easyedapro:HDR-TH_LAIL-PM2.54-7P-L,766a0616-875f-42d8-8773-a2e6d72213b3,b54be2a6-8e2d-430e-8129-7cb8f266c155
J6,1,unconnected-(J6-Pad1),ProPrj_pow-easyedapro:HDR-TH_LAIL-PM2.54-7P-L,08693e48-0fe5-46f3-9019-0a8054827d94,6e1de153-858d-4afd-9828-4fd4efb7d19e
J6,2,unconnected-(J6-Pad2),ProPrj_pow-easyedapro:HDR-TH_LAIL-PM2.54-7P-L,08693e48-0fe5-46f3-9019-0a8054827d94,6e1de153-858d-4afd-9828-4fd4efb7d19e
J6,3,/LAIN1,ProPrj_pow-easyedapro:HDR-TH_LAIL-PM2.54-7P-L,08693e48-0fe5-46f3-9019-0a8054827d94,6e1de153-858d-4afd-9828-4fd4efb7d19e
J6,4,/LAIN2,ProPrj_pow-easyedapro:HDR-TH_LAIL-PM2.54-7P-L,08693e48-0fe5-46f3-9019-0a8054827d94,6e1de153-858d-4afd-9828-4fd4efb7d19e
J6,5,/3.3V,ProPrj_pow-easyedapro:HDR-TH_LAIL-PM2.54-7P-L,08693e48-0fe5-46f3-9019-0a8054827d94,6e1de153-858d-4afd-9828-4fd4efb7d19e
J6,6,/VM,ProPrj_pow-easyedapro:HDR-TH_LAIL-PM2.54-7P-L,08693e48-0fe5-46f3-9019-0a8054827d94,6e1de153-858d-4afd-9828-4fd4efb7d19e
J6,7,GND,ProPrj_pow-easyedapro:HDR-TH_LAIL-PM2.54-7P-L,08693e48-0fe5-46f3-9019-0a8054827d94,6e1de153-858d-4afd-9828-4fd4efb7d19e
J7,1,/RAOUT2,ProPrj_pow-easyedapro:HDR-TH_LAIL-PM2.54-7P-L,f208105a-ff9d-4c3b-8650-04d6ba2ac73d,59235e31-bc9d-44ca-a839-3602d11bced8
J7,2,/RAOUT1,ProPrj_pow-easyedapro:HDR-TH_LAIL-PM2.54-7P-L,f208105a-ff9d-4c3b-8650-04d6ba2ac73d,59235e31-bc9d-44ca-a839-3602d11bced8
J7,3,/RBIN1,ProPrj_pow-easyedapro:HDR-TH_LAIL-PM2.54-7P-L,f208105a-ff9d-4c3b-8650-04d6ba2ac73d,59235e31-bc9d-44ca-a839-3602d11bced8
J7,4,/RBIN2,ProPrj_pow-easyedapro:HDR-TH_LAIL-PM2.54-7P-L,f208105a-ff9d-4c3b-8650-04d6ba2ac73d,59235e31-bc9d-44ca-a839-3602d11bced8
J7,5,/3.3V,ProPrj_pow-easyedapro:HDR-TH_LAIL-PM2.54-7P-L,f208105a-ff9d-4c3b-8650-04d6ba2ac73d,59235e31-bc9d-44ca-a839-3602d11bced8
J7,6,/VM,ProPrj_pow-easyedapro:HDR-TH_LAIL-PM2.54-7P-L,f208105a-ff9d-4c3b-8650-04d6ba2ac73d,59235e31-bc9d-44ca-a839-3602d11bced8
J7,7,GND,ProPrj_pow-easyedapro:HDR-TH_LAIL-PM2.54-7P-L,f208105a-ff9d-4c3b-8650-04d6ba2ac73d,59235e31-bc9d-44ca-a839-3602d11bced8
J8,1,unconnected-(J8-Pad1),ProPrj_pow-easyedapro:HDR-TH_LAIL-PM2.54-7P-L,93c33505-69c1-49ed-9501-fe01a7061a5c,706cf072-125d-4beb-90d9-126528c7e897
J8,2,unconnected-(J8-Pad2),ProPrj_pow-easyedapro:HDR-TH_LAIL-PM2.54-7P-L,93c33505-69c1-49ed-9501-fe01a7061a5c,706cf072-125d-4beb-90d9-126528c7e897
J8,3,/RAIN1,ProPrj_pow-easyedapro:HDR-TH_LAIL-PM2.54-7P-L,93c33505-69c1-49ed-9501-fe01a7061a5c,706cf072-125d-4beb-90d9-126528c7e897
J8,4,/RAIN2,ProPrj_pow-easyedapro:HDR-TH_LAIL-PM2.54-7P-L,93c33505-69c1-49ed-9501-fe01a7061a5c,706cf072-125d-4beb-90d9-126528c7e897
J8,5,/3.3V,ProPrj_pow-easyedapro:HDR-TH_LAIL-PM2.54-7P-L,93c33505-69c1-49ed-9501-fe01a7061a5c,706cf072-125d-4beb-90d9-126528c7e897
J8,6,/VM,ProPrj_pow-easyedapro:HDR-TH_LAIL-PM2.54-7P-L,93c33505-69c1-49ed-9501-fe01a7061a5c,706cf072-125d-4beb-90d9-126528c7e897
J8,7,GND,ProPrj_pow-easyedapro:HDR-TH_LAIL-PM2.54-7P-L,93c33505-69c1-49ed-9501-fe01a7061a5c,706cf072-125d-4beb-90d9-126528c7e897
L1,1,VCCOUT,ProPrj_pow-easyedapro:IND-SMD_L7.3-W6.6,5c5e4349-2926-40cb-b7ab-c67266cd6f10,6c59555d-478f-4c1f-9453-73f19cd84801
L1,2,Net-(U5-SW),ProPrj_pow-easyedapro:IND-SMD_L7.3-W6.6,5c5e4349-2926-40cb-b7ab-c67266cd6f10,6c59555d-478f-4c1f-9453-73f19cd84801
L2,1,VCCOUT1,ProPrj_pow-easyedapro:IND-SMD_L7.3-W6.6,d97f0fd9-a549-49b7-b88f-26f1f5de5849,d0740779-c4c8-4459-85ee-ec65c818e9b7
L2,2,Net-(U1-SW),ProPrj_pow-easyedapro:IND-SMD_L7.3-W6.6,d97f0fd9-a549-49b7-b88f-26f1f5de5849,d0740779-c4c8-4459-85ee-ec65c818e9b7
LED1,1,Net-(LED1-C),ProPrj_pow-easyedapro:LED_0603,f419531e-10cf-498c-a31b-054a72ff144f,f788e50a-85fe-4344-b441-933eff04f471
LED1,2,/VM,ProPrj_pow-easyedapro:LED_0603,f419531e-10cf-498c-a31b-054a72ff144f,f788e50a-85fe-4344-b441-933eff04f471
R1,1,Net-(C6-Pad1),ProPrj_pow-easyedapro:R0603,61ba72f0-1ff7-421e-bab6-32709c92e1f4,6f82eca5-70b5-4264-97b1-8ea5a465e22b
R1,2,Net-(U5-BST),ProPrj_pow-easyedapro:R0603,61ba72f0-1ff7-421e-bab6-32709c92e1f4,6f82eca5-70b5-4264-97b1-8ea5a465e22b
R2,1,VCCOUT,ProPrj_pow-easyedapro:R0603,2f26aac6-589c-4fdb-8d1f-1511160b43ea,5841ff03-057a-4276-9f0e-5d3695529eb0
R2,2,Net-(U5-FB),ProPrj_pow-easyedapro:R0603,2f26aac6-589c-4fdb-8d1f-1511160b43ea,5841ff03-057a-4276-9f0e-5d3695529eb0
R3,1,Net-(U5-FB),ProPrj_pow-easyedapro:R0603,9cb05ea4-0e7e-45f9-a0c6-c8a85922a2e1,edf23295-c6f4-4445-be1a-51454ec126cc
R3,2,GND,ProPrj_pow-easyedapro:R0603,9cb05ea4-0e7e-45f9-a0c6-c8a85922a2e1,edf23295-c6f4-4445-be1a-51454ec126cc
R4,1,Net-(USB1-CC1),ProPrj_pow-easyedapro:R0603_R4,51d822eb-f890-4954-8e72-ba256bf78d42,7503f82f-a692-4485-a09a-09df8f520838
R4,2,VCCOUT,ProPrj_pow-easyedapro:R0603_R4,51d822eb-f890-4954-8e72-ba256bf78d42,7503f82f-a692-4485-a09a-09df8f520838
R5,1,VCCOUT,ProPrj_pow-easyedapro:R0603_R5,78040820-ff9e-42d7-b0d1-b3506ef38a79,79e6f318-2b62-4e4a-af60-7811a36600c4
R5,2,Net-(USB1-CC2),ProPrj_pow-easyedapro:R0603_R5,78040820-ff9e-42d7-b0d1-b3506ef38a79,79e6f318-2b62-4e4a-af60-7811a36600c4
R6,1,Net-(C14-Pad1),ProPrj_pow-easyedapro:R0603,ce3b80d9-e6c0-49d5-b3cb-af47cac27dfd,3970d737-4f71-4414-a59a-cbcc951723fa
R6,2,Net-(U1-BST),ProPrj_pow-easyedapro:R0603,ce3b80d9-e6c0-49d5-b3cb-af47cac27dfd,3970d737-4f71-4414-a59a-cbcc951723fa
R7,1,Net-(U5-EN),ProPrj_pow-easyedapro:R0603,efe14a0c-8a71-47ab-85be-733947c107ef,0ef5e38e-42c1-408b-ae23-517a6d893bb9
R7,2,VCCIN,ProPrj_pow-easyedapro:R0603,efe14a0c-8a71-47ab-85be-733947c107ef,0ef5e38e-42c1-408b-ae23-517a6d893bb9
R8,1,Net-(USB2-CC1),ProPrj_pow-easyedapro:R0603_R8,cdd45272-2df1-4a11-9e0f-a6db088dc14b,99df8970-c0f5-49a8-8580-96bb6294665f
R8,2,VCCOUT1,ProPrj_pow-easyedapro:R0603_R8,cdd45272-2df1-4a11-9e0f-a6db088dc14b,99df8970-c0f5-49a8-8580-96bb6294665f
R9,1,VCCOUT1,ProPrj_pow-easyedapro:R0603_R9,af9c484d-8540-47b2-971c-ffdd4f47e8a1,2568b238-d9db-45ea-8900-cebd7e0a3cf3
R9,2,Net-(USB2-CC2),ProPrj_pow-easyedapro:R0603_R9,af9c484d-8540-47b2-971c-ffdd4f47e8a1,2568b238-d9db-45ea-8900-cebd7e0a3cf3
R10,1,GND,ProPrj_pow-easyedapro:R0603,2b2a0e58-b563-4535-ad58-7efa42b84bdc,d2b0a5c7-90d1-4ce6-9b6a-85680d5d1d9d
R10,2,Net-(U5-EN),ProPrj_pow-easyedapro:R0603,2b2a0e58-b563-4535-ad58-7efa42b84bdc,d2b0a5c7-90d1-4ce6-9b6a-85680d5d1d9d
R11,1,VCCOUT1,ProPrj_pow-easyedapro:R0603,886d6720-7b69-4064-87df-b892b91ca5f9,075139c1-6232-4985-ae3d-e34fd60cfb9c
R11,2,Net-(U1-FB),ProPrj_pow-easyedapro:R0603,886d6720-7b69-4064-87df-b892b91ca5f9,075139c1-6232-4985-ae3d-e34fd60cfb9c
R12,1,Net-(U1-FB),ProPrj_pow-easyedapro:R0603,b306b020-325f-4f20-add0-3304ba71f81b,2534c34c-3e7f-466b-8445-7f2018436395
R12,2,GND,ProPrj_pow-easyedapro:R0603,b306b020-325f-4f20-add0-3304ba71f81b,2534c34c-3e7f-466b-8445-7f2018436395
R13,1,Net-(U1-EN),ProPrj_pow-easyedapro:R0603,de05160c-f8f1-46ab-a932-784272a100a8,22e7aa17-d0e4-4215-931f-9e296f9f94d2
R13,2,VCCIN,ProPrj_pow-easyedapro:R0603,de05160c-f8f1-46ab-a932-784272a100a8,22e7aa17-d0e4-4215-931f-9e296f9f94d2
R14,1,GND,ProPrj_pow-easyedapro:R0603,71f19bc7-a25f-4903-8983-fc5cf7c55e25,ec281cc4-a389-401f-8791-28d185e6c9e0
R14,2,Net-(U1-EN),ProPrj_pow-easyedapro:R0603,71f19bc7-a25f-4903-8983-fc5cf7c55e25,ec281cc4-a389-401f-8791-28d185e6c9e0
R15,1,GND,ProPrj_pow-easyedapro:R0603_R15,5858d3cd-12b7-4cdd-bd08-edd0d1bce6c1,a34e44de-35d5-4dfe-ae66-dc3f779164c8
R15,2,Net-(LED1-C),ProPrj_pow-easyedapro:R0603_R15,5858d3cd-12b7-4cdd-bd08-edd0d1bce6c1,a34e44de-35d5-4dfe-ae66-dc3f779164c8
SW2,1,/VM,ProPrj_pow-easyedapro:SW-TH_SS-12D10L5,7395b7dc-db82-4265-8a70-dee9f300b3c4,f1f5035e-89b4-4605-b11c-ce960b77a46e
SW2,2,VCCIN,ProPrj_pow-easyedapro:SW-TH_SS-12D10L5,7395b7dc-db82-4265-8a70-dee9f300b3c4,f1f5035e-89b4-4605-b11c-ce960b77a46e
SW2,3,unconnected-(SW2-Pad3),ProPrj_pow-easyedapro:SW-TH_SS-12D10L5,7395b7dc-db82-4265-8a70-dee9f300b3c4,f1f5035e-89b4-4605-b11c-ce960b77a46e
U1,1,GND,ProPrj_pow-easyedapro:TSOT-23-8_L2.9-W1.6-P0.65-LS2.8-BL,67683d25-7046-4451-ae87-ffdebe9a5c02,4c72bf91-89f8-4041-b979-acac13b25d02
U1,2,VCCIN,ProPrj_pow-easyedapro:TSOT-23-8_L2.9-W1.6-P0.65-LS2.8-BL,67683d25-7046-4451-ae87-ffdebe9a5c02,4c72bf91-89f8-4041-b979-acac13b25d02
U1,3,Net-(U1-SW),ProPrj_pow-easyedapro:TSOT-23-8_L2.9-W1.6-P0.65-LS2.8-BL,67683d25-7046-4451-ae87-ffdebe9a5c02,4c72bf91-89f8-4041-b979-acac13b25d02
U1,4,GND,ProPrj_pow-easyedapro:TSOT-23-8_L2.9-W1.6-P0.65-LS2.8-BL,67683d25-7046-4451-ae87-ffdebe9a5c02,4c72bf91-89f8-4041-b979-acac13b25d02
U1,5,Net-(U1-BST),ProPrj_pow-easyedapro:TSOT-23-8_L2.9-W1.6-P0.65-LS2.8-BL,67683d25-7046-4451-ae87-ffdebe9a5c02,4c72bf91-89f8-4041-b979-acac13b25d02
U1,6,Net-(U1-EN),ProPrj_pow-easyedapro:TSOT-23-8_L2.9-W1.6-P0.65-LS2.8-BL,67683d25-7046-4451-ae87-ffdebe9a5c02,4c72bf91-89f8-4041-b979-acac13b25d02
U1,7,Net-(U1-VCC),ProPrj_pow-easyedapro:TSOT-23-8_L2.9-W1.6-P0.65-LS2.8-BL,67683d25-7046-4451-ae87-ffdebe9a5c02,4c72bf91-89f8-4041-b979-acac13b25d02
U1,8,Net-(U1-FB),ProPrj_pow-easyedapro:TSOT-23-8_L2.9-W1.6-P0.65-LS2.8-BL,67683d25-7046-4451-ae87-ffdebe9a5c02,4c72bf91-89f8-4041-b979-acac13b25d02
U5,1,GND,ProPrj_pow-easyedapro:TSOT-23-8_L2.9-W1.6-P0.65-LS2.8-BL,d3a73723-1e55-4c12-8185-20c99c1305b4,03e3ab6a-440a-43d8-afa5-23b546309bee
U5,2,VCCIN,ProPrj_pow-easyedapro:TSOT-23-8_L2.9-W1.6-P0.65-LS2.8-BL,d3a73723-1e55-4c12-8185-20c99c1305b4,03e3ab6a-440a-43d8-afa5-23b546309bee
U5,3,Net-(U5-SW),ProPrj_pow-easyedapro:TSOT-23-8_L2.9-W1.6-P0.65-LS2.8-BL,d3a73723-1e55-4c12-8185-20c99c1305b4,03e3ab6a-440a-43d8-afa5-23b546309bee
U5,4,GND,ProPrj_pow-easyedapro:TSOT-23-8_L2.9-W1.6-P0.65-LS2.8-BL,d3a73723-1e55-4c12-8185-20c99c1305b4,03e3ab6a-440a-43d8-afa5-23b546309bee
U5,5,Net-(U5-BST),ProPrj_pow-easyedapro:TSOT-23-8_L2.9-W1.6-P0.65-LS2.8-BL,d3a73723-1e55-4c12-8185-20c99c1305b4,03e3ab6a-440a-43d8-afa5-23b546309bee
U5,6,Net-(U5-EN),ProPrj_pow-easyedapro:TSOT-23-8_L2.9-W1.6-P0.65-LS2.8-BL,d3a73723-1e55-4c12-8185-20c99c1305b4,03e3ab6a-440a-43d8-afa5-23b546309bee
U5,7,Net-(U5-VCC),ProPrj_pow-easyedapro:TSOT-23-8_L2.9-W1.6-P0.65-LS2.8-BL,d3a73723-1e55-4c12-8185-20c99c1305b4,03e3ab6a-440a-43d8-afa5-23b546309bee
U5,8,Net-(U5-FB),ProPrj_pow-easyedapro:TSOT-23-8_L2.9-W1.6-P0.65-LS2.8-BL,d3a73723-1e55-4c12-8185-20c99c1305b4,03e3ab6a-440a-43d8-afa5-23b546309bee
USB1,13,GND,ProPrj_pow-easyedapro:TYPE-C-SMD_LAIL-TYPE-C-16PIN-08-WT,1b301c4a-3f38-4d16-9c3d-389362e3cffb,5d977d5f-25f2-412d-b08f-976409cfa901
USB1,14,GND,ProPrj_pow-easyedapro:TYPE-C-SMD_LAIL-TYPE-C-16PIN-08-WT,1b301c4a-3f38-4d16-9c3d-389362e3cffb,5d977d5f-25f2-412d-b08f-976409cfa901
USB1,15,GND,ProPrj_pow-easyedapro:TYPE-C-SMD_LAIL-TYPE-C-16PIN-08-WT,1b301c4a-3f38-4d16-9c3d-389362e3cffb,5d977d5f-25f2-412d-b08f-976409cfa901
USB1,16,GND,ProPrj_pow-easyedapro:TYPE-C-SMD_LAIL-TYPE-C-16PIN-08-WT,1b301c4a-3f38-4d16-9c3d-389362e3cffb,5d977d5f-25f2-412d-b08f-976409cfa901
USB1,A1B12,GND,ProPrj_pow-easyedapro:TYPE-C-SMD_LAIL-TYPE-C-16PIN-08-WT,1b301c4a-3f38-4d16-9c3d-389362e3cffb,5d977d5f-25f2-412d-b08f-976409cfa901
USB1,A4B9,VCCOUT,ProPrj_pow-easyedapro:TYPE-C-SMD_LAIL-TYPE-C-16PIN-08-WT,1b301c4a-3f38-4d16-9c3d-389362e3cffb,5d977d5f-25f2-412d-b08f-976409cfa901
USB1,A5,Net-(USB1-CC1),ProPrj_pow-easyedapro:TYPE-C-SMD_LAIL-TYPE-C-16PIN-08-WT,1b301c4a-3f38-4d16-9c3d-389362e3cffb,5d977d5f-25f2-412d-b08f-976409cfa901
USB1,A6,unconnected-(USB1-DP1-PadA6),ProPrj_pow-easyedapro:TYPE-C-SMD_LAIL-TYPE-C-16PIN-08-WT,1b301c4a-3f38-4d16-9c3d-389362e3cffb,5d977d5f-25f2-412d-b08f-976409cfa901
USB1,A7,unconnected-(USB1-DN1-PadA7),ProPrj_pow-easyedapro:TYPE-C-SMD_LAIL-TYPE-C-16PIN-08-WT,1b301c4a-3f38-4d16-9c3d-389362e3cffb,5d977d5f-25f2-412d-b08f-976409cfa901
USB1,A8,unconnected-(USB1-SBU1-PadA8),ProPrj_pow-easyedapro:TYPE-C-SMD_LAIL-TYPE-C-16PIN-08-WT,1b301c4a-3f38-4d16-9c3d-389362e3cffb,5d977d5f-25f2-412d-b08f-976409cfa901
USB1,B1A12,GND,ProPrj_pow-easyedapro:TYPE-C-SMD_LAIL-TYPE-C-16PIN-08-WT,1b301c4a-3f38-4d16-9c3d-389362e3cffb,5d977d5f-25f2-412d-b08f-976409cfa901
USB1,B4A9,VCCOUT,ProPrj_pow-easyedapro:TYPE-C-SMD_LAIL-TYPE-C-16PIN-08-WT,1b301c4a-3f38-4d16-9c3d-389362e3cffb,5d977d5f-25f2-412d-b08f-976409cfa901
USB1,B5,Net-(USB1-CC2),ProPrj_pow-easyedapro:TYPE-C-SMD_LAIL-TYPE-C-16PIN-08-WT,1b301c4a-3f38-4d16-9c3d-389362e3cffb,5d977d5f-25f2-412d-b08f-976409cfa901
USB1,B6,unconnected-(USB1-DP2-PadB6),ProPrj_pow-easyedapro:TYPE-C-SMD_LAIL-TYPE-C-16PIN-08-WT,1b301c4a-3f38-4d16-9c3d-389362e3cffb,5d977d5f-25f2-412d-b08f-976409cfa901
USB1,B7,unconnected-(USB1-DN2-PadB7),ProPrj_pow-easyedapro:TYPE-C-SMD_LAIL-TYPE-C-16PIN-08-WT,1b301c4a-3f38-4d16-9c3d-389362e3cffb,5d977d5f-25f2-412d-b08f-976409cfa901
USB1,B8,unconnected-(USB1-SBU2-PadB8),ProPrj_pow-easyedapro:TYPE-C-SMD_LAIL-TYPE-C-16PIN-08-WT,1b301c4a-3f38-4d16-9c3d-389362e3cffb,5d977d5f-25f2-412d-b08f-976409cfa901
USB2,13,GND,ProPrj_pow-easyedapro:TYPE-C-SMD_LAIL-TYPE-C-16PIN-08-WT,b0689d2e-5e7e-4a3a-99e5-4a5d671d9054,69c736fa-ef6e-42bc-b7ca-a8d7cea245e4
USB2,14,GND,ProPrj_pow-easyedapro:TYPE-C-SMD_LAIL-TYPE-C-16PIN-08-WT,b0689d2e-5e7e-4a3a-99e5-4a5d671d9054,69c736fa-ef6e-42bc-b7ca-a8d7cea245e4
USB2,15,GND,ProPrj_pow-easyedapro:TYPE-C-SMD_LAIL-TYPE-C-16PIN-08-WT,b0689d2e-5e7e-4a3a-99e5-4a5d671d9054,69c736fa-ef6e-42bc-b7ca-a8d7cea245e4
USB2,16,GND,ProPrj_pow-easyedapro:TYPE-C-SMD_LAIL-TYPE-C-16PIN-08-WT,b0689d2e-5e7e-4a3a-99e5-4a5d671d9054,69c736fa-ef6e-42bc-b7ca-a8d7cea245e4
USB2,A1B12,GND,ProPrj_pow-easyedapro:TYPE-C-SMD_LAIL-TYPE-C-16PIN-08-WT,b0689d2e-5e7e-4a3a-99e5-4a5d671d9054,69c736fa-ef6e-42bc-b7ca-a8d7cea245e4
USB2,A4B9,VCCOUT1,ProPrj_pow-easyedapro:TYPE-C-SMD_LAIL-TYPE-C-16PIN-08-WT,b0689d2e-5e7e-4a3a-99e5-4a5d671d9054,69c736fa-ef6e-42bc-b7ca-a8d7cea245e4
USB2,A5,Net-(USB2-CC1),ProPrj_pow-easyedapro:TYPE-C-SMD_LAIL-TYPE-C-16PIN-08-WT,b0689d2e-5e7e-4a3a-99e5-4a5d671d9054,69c736fa-ef6e-42bc-b7ca-a8d7cea245e4
USB2,A6,unconnected-(USB2-DP1-PadA6),ProPrj_pow-easyedapro:TYPE-C-SMD_LAIL-TYPE-C-16PIN-08-WT,b0689d2e-5e7e-4a3a-99e5-4a5d671d9054,69c736fa-ef6e-42bc-b7ca-a8d7cea245e4
USB2,A7,unconnected-(USB2-DN1-PadA7),ProPrj_pow-easyedapro:TYPE-C-SMD_LAIL-TYPE-C-16PIN-08-WT,b0689d2e-5e7e-4a3a-99e5-4a5d671d9054,69c736fa-ef6e-42bc-b7ca-a8d7cea245e4
USB2,A8,unconnected-(USB2-SBU1-PadA8),ProPrj_pow-easyedapro:TYPE-C-SMD_LAIL-TYPE-C-16PIN-08-WT,b0689d2e-5e7e-4a3a-99e5-4a5d671d9054,69c736fa-ef6e-42bc-b7ca-a8d7cea245e4
USB2,B1A12,GND,ProPrj_pow-easyedapro:TYPE-C-SMD_LAIL-TYPE-C-16PIN-08-WT,b0689d2e-5e7e-4a3a-99e5-4a5d671d9054,69c736fa-ef6e-42bc-b7ca-a8d7cea245e4
USB2,B4A9,VCCOUT1,ProPrj_pow-easyedapro:TYPE-C-SMD_LAIL-TYPE-C-16PIN-08-WT,b0689d2e-5e7e-4a3a-99e5-4a5d671d9054,69c736fa-ef6e-42bc-b7ca-a8d7cea245e4
USB2,B5,Net-(USB2-CC2),ProPrj_pow-easyedapro:TYPE-C-SMD_LAIL-TYPE-C-16PIN-08-WT,b0689d2e-5e7e-4a3a-99e5-4a5d671d9054,69c736fa-ef6e-42bc-b7ca-a8d7cea245e4
USB2,B6,unconnected-(USB2-DP2-PadB6),ProPrj_pow-easyedapro:TYPE-C-SMD_LAIL-TYPE-C-16PIN-08-WT,b0689d2e-5e7e-4a3a-99e5-4a5d671d9054,69c736fa-ef6e-42bc-b7ca-a8d7cea245e4
USB2,B7,unconnected-(USB2-DN2-PadB7),ProPrj_pow-easyedapro:TYPE-C-SMD_LAIL-TYPE-C-16PIN-08-WT,b0689d2e-5e7e-4a3a-99e5-4a5d671d9054,69c736fa-ef6e-42bc-b7ca-a8d7cea245e4
USB2,B8,unconnected-(USB2-SBU2-PadB8),ProPrj_pow-easyedapro:TYPE-C-SMD_LAIL-TYPE-C-16PIN-08-WT,b0689d2e-5e7e-4a3a-99e5-4a5d671d9054,69c736fa-ef6e-42bc-b7ca-a8d7cea245e4
