位号,数量,规格与用途,型号,KiCad封装,采购核对事项,安装位置,采购链接,保险座参考链接
"C1,C2,C3,C4,C5,C8,C9,C10,C12,C13",10,22uF 25V X5R,,Capacitor_SMD:C_0805_2012Metric,核对实际外形、焊盘、额定值及温升；无完整采购料号的物料尚未定型,板上,,
"C6,C14,C109",3,100nF 50V,,Capacitor_SMD:C_0603_1608Metric,核对实际外形、焊盘、额定值及温升；无完整采购料号的物料尚未定型,板上,,
"C7,C15",2,220pF C0G,,Capacitor_SMD:C_0603_1608Metric,核对实际外形、焊盘、额定值及温升；无完整采购料号的物料尚未定型,板上,,
"C11,C16,C104,C106",4,1uF 25V,,Capacitor_SMD:C_0805_2012Metric,核对实际外形、焊盘、额定值及温升；无完整采购料号的物料尚未定型,板上,,
C58,1,470uF 35V 低等效串联电阻,,Capacitor_THT:CP_Radial_D10.0mm_P5.00mm,核对实际外形、焊盘、额定值及温升；无完整采购料号的物料尚未定型,板上,,
C59,1,10uF 50V,,Capacitor_SMD:C_0805_2012Metric,核对实际外形、焊盘、额定值及温升；无完整采购料号的物料尚未定型,板上,,
"C60,C102,C103,C113,C114,C115,C116,C117,C118,C119,C120,C121,C123,C124,C127,C130,C132,C133,C138,C139,C140,C141,C142",23,100nF 50V,,Capacitor_SMD:C_0805_2012Metric,核对实际外形、焊盘、额定值及温升；无完整采购料号的物料尚未定型,板上,,
C101,1,100uF 25V,,Capacitor_THT:CP_Radial_D10.0mm_P5.00mm,核对实际外形、焊盘、额定值及温升；无完整采购料号的物料尚未定型,板上,,
"C105,C107",2,4.7uF 10V X7R,,Capacitor_SMD:C_0805_2012Metric,核对实际外形、焊盘、额定值及温升；无完整采购料号的物料尚未定型,板上,,
C108,1,10uF 25V,,Capacitor_SMD:C_0805_2012Metric,核对实际外形、焊盘、额定值及温升；无完整采购料号的物料尚未定型,板上,,
"C110,C111",2,22uF 10V X7R,,Capacitor_SMD:C_0805_2012Metric,核对实际外形、焊盘、额定值及温升；无完整采购料号的物料尚未定型,板上,,
C112,1,10uF 10V X7R,,Capacitor_SMD:C_0805_2012Metric,核对实际外形、焊盘、额定值及温升；无完整采购料号的物料尚未定型,板上,,
"C122,C131",2,470uF 25V 低等效串联电阻,,Capacitor_THT:CP_Radial_D10.0mm_P5.00mm,核对实际外形、焊盘、额定值及温升；无完整采购料号的物料尚未定型,板上,,
"C125,C126,C134,C135",4,1uF 25V,,Capacitor_SMD:C_0603_1608Metric,核对实际外形、焊盘、额定值及温升；无完整采购料号的物料尚未定型,板上,,
"C128,C129,C136,C137",4,1nF C0G,,Capacitor_SMD:C_0603_1608Metric,核对实际外形、焊盘、额定值及温升；无完整采购料号的物料尚未定型,板上,,
C143,1,100nF 25V,,Capacitor_SMD:C_0603_1608Metric,核对实际外形、焊盘、额定值及温升；无完整采购料号的物料尚未定型,板上,,
CN1,1,XT60PW-M / 三串电池,,Connector_AMASS:AMASS_XT60PW-M_1x02_P7.20mm_Horizontal,核对实际外形、焊盘、额定值及温升；无完整采购料号的物料尚未定型,板上,,
D1,1,SMBJ15CA,SMBJ15CA,Diode_SMD:D_SMB,核对实际外形、焊盘、额定值及温升；无完整采购料号的物料尚未定型,板上,,
"D2,D3,D4,D5,D6,D7,D8",7,BZT52C12,,Diode_SMD:D_SOD-123,核对实际外形、焊盘、额定值及温升；无完整采购料号的物料尚未定型,板上,,
F1,1,MINI汽车插片保险丝10A/32VDC；初值须实测；保险座四孔9.92×3.40mm、钻孔1.78mm,0297010.J,Fuse:Fuseholder_Blade_Mini_Keystone_3568,板载MINI总保险；保险片为集电通0297010.J/C55117678，10A初值待实测；保险座为3568四孔式，孔距9.92×3.40mm、钻孔1.78mm，保险片与座分别采购；国产同孔位兼容座待核对；01530008.J未确认兼容，勿直接套用,板上，XT60正极之后、防反接管之前,https://www.lcsc.com/pt/product-detail/C55117678.html?is_substitute=1&original_product_code=C315865&original_unit_price=0.3407,https://www.digikey.cn/zh/products/detail/keystone-electronics/3568/2137306
FB1,1,220Ω@100MHz / 1A,,Inductor_SMD:L_0805_2012Metric,核对实际外形、焊盘、额定值及温升；无完整采购料号的物料尚未定型,板上,,
J1,1,左轮控制,,Connector_PinHeader_2.54mm:PinHeader_1x08_P2.54mm_Vertical,核对实际外形、焊盘、额定值及温升；无完整采购料号的物料尚未定型,板上,,
J2,1,右轮控制,,Connector_PinHeader_2.54mm:PinHeader_1x08_P2.54mm_Vertical,核对实际外形、焊盘、额定值及温升；无完整采购料号的物料尚未定型,板上,,
"J3,J4",2,MG513电机 / 核对线序,,Connector_JST:JST_XH_B6B-XH-A_1x06_P2.50mm_Vertical,核对实际外形、焊盘、额定值及温升；无完整采购料号的物料尚未定型,板上,,
J9,1,可选逻辑板3.3V输入,,Connector_PinHeader_2.54mm:PinHeader_1x02_P2.54mm_Vertical,核对实际外形、焊盘、额定值及温升；无完整采购料号的物料尚未定型,板上,,
J10,1,惯性传感器电源,,Connector_JST:JST_PH_B2B-PH-K_1x02_P2.00mm_Vertical,核对实际外形、焊盘、额定值及温升；无完整采购料号的物料尚未定型,板上,,
J11,1,测距传感器1电源,,Connector_JST:JST_PH_B2B-PH-K_1x02_P2.00mm_Vertical,核对实际外形、焊盘、额定值及温升；无完整采购料号的物料尚未定型,板上,,
J12,1,测距传感器2电源,,Connector_JST:JST_PH_B2B-PH-K_1x02_P2.00mm_Vertical,核对实际外形、焊盘、额定值及温升；无完整采购料号的物料尚未定型,板上,,
J13,1,测距传感器3电源,,Connector_JST:JST_PH_B2B-PH-K_1x02_P2.00mm_Vertical,核对实际外形、焊盘、额定值及温升；无完整采购料号的物料尚未定型,板上,,
J14,1,3.3V辅助输出,,"TerminalBlock_Phoenix:TerminalBlock_Phoenix_MKDS-1,5-2-5.08_1x02_P5.08mm_Horizontal",核对实际外形、焊盘、额定值及温升；无完整采购料号的物料尚未定型,板上,,
J15,1,急停常闭回路,,"TerminalBlock_Phoenix:TerminalBlock_Phoenix_MKDS-1,5-2-5.08_1x02_P5.08mm_Horizontal",核对实际外形、焊盘、额定值及温升；无完整采购料号的物料尚未定型,板上,,
J16,1,左回生泄放 / 外接3.3Ω,,"TerminalBlock_Phoenix:TerminalBlock_Phoenix_MKDS-1,5-2-5.08_1x02_P5.08mm_Horizontal",核对实际外形、焊盘、额定值及温升；无完整采购料号的物料尚未定型,板上,,
J17,1,右回生泄放 / 外接3.3Ω,,"TerminalBlock_Phoenix:TerminalBlock_Phoenix_MKDS-1,5-2-5.08_1x02_P5.08mm_Horizontal",核对实际外形、焊盘、额定值及温升；无完整采购料号的物料尚未定型,板上,,
J18,1,电源监测 / 外部模数转换,,Connector_PinHeader_2.54mm:PinHeader_1x12_P2.54mm_Vertical,核对实际外形、焊盘、额定值及温升；无完整采购料号的物料尚未定型,板上,,
JP1,1,1-2板载 / 2-3逻辑板,,Connector_PinHeader_2.54mm:PinHeader_1x03_P2.54mm_Vertical,核对实际外形、焊盘、额定值及温升；无完整采购料号的物料尚未定型,板上,,
"L1,L2,L3",3,4.7uH FXL0630-4R7-M,FXL0630-4R7-M,Inductor_SMD:L_Changjiang_FXL0630,4.7µH±20%；最大直流电阻33mΩ；额定温升电流6A；核对具体温升/饱和定义,板上,,
"Q1,Q2,Q3",3,IRF4905,IRF4905,Package_TO_SOT_THT:TO-220-3_Vertical,核对实际外形、焊盘、额定值及温升；无完整采购料号的物料尚未定型,板上,,
"Q4,Q5,Q9,Q11,Q13",5,MMBT3904,MMBT3904,Package_TO_SOT_SMD:SOT-23,核对实际外形、焊盘、额定值及温升；无完整采购料号的物料尚未定型,板上,,
"Q6,Q7",2,IRLZ44N,IRLZ44N,Package_TO_SOT_THT:TO-220-3_Vertical,核对实际外形、焊盘、额定值及温升；无完整采购料号的物料尚未定型,板上,,
"Q8,Q10",2,AO4409,AO4409,Package_SO:SOIC-8_3.9x4.9mm_P1.27mm,核对实际外形、焊盘、额定值及温升；无完整采购料号的物料尚未定型,板上,,
Q12,1,AO3401A,AO3401A,Package_TO_SOT_SMD:SOT-23,核对实际外形、焊盘、额定值及温升；无完整采购料号的物料尚未定型,板上,,
"R1,R6",2,10R,,Resistor_SMD:R_0603_1608Metric,核对实际外形、焊盘、额定值及温升；无完整采购料号的物料尚未定型,板上,,
"R2,R11",2,82.5k 0.1%,,Resistor_SMD:R_0603_1608Metric,核对实际外形、焊盘、额定值及温升；无完整采购料号的物料尚未定型,板上,,
"R3,R12",2,11.0k 0.1%,,Resistor_SMD:R_0603_1608Metric,核对实际外形、焊盘、额定值及温升；无完整采购料号的物料尚未定型,板上,,
"R51,R87,R97",3,100k,,Resistor_SMD:R_0603_1608Metric,核对实际外形、焊盘、额定值及温升；无完整采购料号的物料尚未定型,板上,,
R52,1,2.2k,,Resistor_SMD:R_0603_1608Metric,核对实际外形、焊盘、额定值及温升；无完整采购料号的物料尚未定型,板上,,
"R53,R59,R64,R66,R68,R69,R70,R71,R72,R74,R88,R89,R91,R93,R98,R99,R101,R103,R106,R111,R118,R121",22,10k,,Resistor_SMD:R_0603_1608Metric,核对实际外形、焊盘、额定值及温升；无完整采购料号的物料尚未定型,板上,,
"R54,R73,R75,R78,R82,R108,R113,R117",8,4.7k,,Resistor_SMD:R_0603_1608Metric,核对实际外形、焊盘、额定值及温升；无完整采购料号的物料尚未定型,板上,,
R55,1,26.1k 0.1%,,Resistor_SMD:R_0603_1608Metric,核对实际外形、焊盘、额定值及温升；无完整采购料号的物料尚未定型,板上,,
"R56,R58,R61,R63,R77,R81,R105,R110,R115,R120,R123",11,10.0k 0.1%,,Resistor_SMD:R_0603_1608Metric,核对实际外形、焊盘、额定值及温升；无完整采购料号的物料尚未定型,板上,,
"R57,R62",2,46.4k 0.1%,,Resistor_SMD:R_0603_1608Metric,核对实际外形、焊盘、额定值及温升；无完整采购料号的物料尚未定型,板上,,
R60,1,28.7k 0.1%,,Resistor_SMD:R_0603_1608Metric,核对实际外形、焊盘、额定值及温升；无完整采购料号的物料尚未定型,板上,,
"R65,R67",2,150k 1%,,Resistor_SMD:R_0603_1608Metric,核对实际外形、焊盘、额定值及温升；无完整采购料号的物料尚未定型,板上,,
"R76,R80",2,51.1k 0.1%,,Resistor_SMD:R_0603_1608Metric,核对实际外形、焊盘、额定值及温升；无完整采购料号的物料尚未定型,板上,,
"R79,R83",2,1M,,Resistor_SMD:R_0603_1608Metric,核对实际外形、焊盘、额定值及温升；无完整采购料号的物料尚未定型,板上,,
"R84,R94",2,0.020R 1% 1W,,Resistor_SMD:R_2512_6332Metric,核对实际外形、焊盘、额定值及温升；无完整采购料号的物料尚未定型,板上,,
"R85,R86,R95,R96,R107,R112,R116",7,1k,,Resistor_SMD:R_0603_1608Metric,核对实际外形、焊盘、额定值及温升；无完整采购料号的物料尚未定型,板上,,
"R90,R92,R100,R102",4,100R,,Resistor_SMD:R_0603_1608Metric,核对实际外形、焊盘、额定值及温升；无完整采购料号的物料尚未定型,板上,,
"R104,R109",2,11.5k 0.1%,,Resistor_SMD:R_0603_1608Metric,核对实际外形、焊盘、额定值及温升；无完整采购料号的物料尚未定型,板上,,
R114,1,3.83k 0.1%,,Resistor_SMD:R_0603_1608Metric,核对实际外形、焊盘、额定值及温升；无完整采购料号的物料尚未定型,板上,,
R119,1,30.9k 0.1%,,Resistor_SMD:R_0603_1608Metric,核对实际外形、焊盘、额定值及温升；无完整采购料号的物料尚未定型,板上,,
R122,1,10.5k 0.1%,,Resistor_SMD:R_0603_1608Metric,核对实际外形、焊盘、额定值及温升；无完整采购料号的物料尚未定型,板上,,
R124,1,100k 0.1%,,Resistor_SMD:R_0603_1608Metric,核对实际外形、焊盘、额定值及温升；无完整采购料号的物料尚未定型,板上,,
R125,1,27.4k 0.1%,,Resistor_SMD:R_0603_1608Metric,核对实际外形、焊盘、额定值及温升；无完整采购料号的物料尚未定型,板上,,
"RV1,RV2",2,10k 3296W / VREF,3296W-1-103LF,Potentiometer_THT:Potentiometer_Bourns_3296W_Vertical,核对实际外形、焊盘、额定值及温升；无完整采购料号的物料尚未定型,板上,,
TP1,1,电机总开关输出,,TestPoint:TestPoint_Pad_D2.0mm,核对实际外形、焊盘、额定值及温升；无完整采购料号的物料尚未定型,板上,,
"U1,U5",2,MP2236GJ-Z,MP2236GJ-Z,Package_TO_SOT_SMD:TSOT-23-8,核对实际外形、焊盘、额定值及温升；无完整采购料号的物料尚未定型,板上,,
U2,1,AT8236双路模块,AT8236 dual module / vendor-specific,EdgeMind_Module:AT8236_Dual_PinSocket_2x7_P2.54_Row23.0005mm,双路AT8236模块；测采样电阻并校准；排距沿用旧PCB，仍须试插,板上,,
U3,1,AP63203WU-7,AP63203WU-7,Package_TO_SOT_SMD:TSOT-23-6,核对实际外形、焊盘、额定值及温升；无完整采购料号的物料尚未定型,板上,,
U4,1,AT8236双路模块,AT8236 dual module / vendor-specific,EdgeMind_Module:AT8236_Dual_PinSocket_2x7_P2.54_Row23.1275mm,双路AT8236模块；测采样电阻并校准；排距沿用旧PCB，仍须试插,板上,,
"U7,U8",2,HUSB305-02,HUSB305-02,Package_TO_SOT_SMD:TSOT-23-8,必须为-02版、TSOT-23-8；不可误购DFN版本；准确采购代码与单价待确认,板上,,
"U10,U11",2,74HC08D,SN74HC08DR,Package_SO:SOIC-14_3.9x8.7mm_P1.27mm,核对实际外形、焊盘、额定值及温升；无完整采购料号的物料尚未定型,板上,,
U12,1,74HC74D,SN74HC74DR,Package_SO:SOIC-14_3.9x8.7mm_P1.27mm,核对实际外形、焊盘、额定值及温升；无完整采购料号的物料尚未定型,板上,,
U13,1,MCP100-300DI/TO,MCP100-300DI/TO,Package_TO_SOT_THT:TO-92_Inline,核对实际外形、焊盘、额定值及温升；无完整采购料号的物料尚未定型,板上,,
U21,1,TL431BIDBZR,TL431BIDBZR,Package_TO_SOT_SMD:SOT-23,核对实际外形、焊盘、额定值及温升；无完整采购料号的物料尚未定型,板上,,
"U22,U23,U24,U27,U28,U29,U30",7,LM393BIDR,LM393BIDR,Package_SO:SOIC-8_3.9x4.9mm_P1.27mm,核对实际外形、焊盘、额定值及温升；无完整采购料号的物料尚未定型,板上,,
"U25,U26",2,INA180A1IDBVR,INA180A1IDBVR,Package_TO_SOT_SMD:SOT-23-5,核对实际外形、焊盘、额定值及温升；无完整采购料号的物料尚未定型,板上,,
"USB1,USB2",2,USB4125-GF-A / 六针供电,USB4125-GF-A,Connector_USB:USB_C_Receptacle_GCT_USB4125-xx-x_6P_TopMnt_Horizontal,普通1.0mm定位柱版六针供电口；不可混用-0190加长定位柱版,板上,,
