接口位号,用途,引脚编号,网络或功能
CN1,XT60PW-M / 三串电池,1,GND
CN1,XT60PW-M / 三串电池,2,BAT_POS
J1,左轮控制,1,L_PWM_FWD_RAW
J1,左轮控制,2,L_PWM_REV_RAW
J1,左轮控制,3,MOTOR_ARM
J1,左轮控制,4,MOTOR_PERMIT
J1,左轮控制,5,GND
J1,左轮控制,6,3V3_FPGA_IN
J1,左轮控制,7,ENC_L_A_FPGA
J1,左轮控制,8,ENC_L_B_FPGA
J2,右轮控制,1,ENC_R_B_FPGA
J2,右轮控制,2,ENC_R_A_FPGA
J2,右轮控制,3,3V3_FPGA_IN
J2,右轮控制,4,GND
J2,右轮控制,5,R_PWM_FWD_RAW
J2,右轮控制,6,R_PWM_REV_RAW
J2,右轮控制,7,EXT_KILL_N
J2,右轮控制,8,MOTOR_ARMED
J3,MG513电机 / 核对线序,1,Net-(J3-Pin_1)
J3,MG513电机 / 核对线序,2,+3V3
J3,MG513电机 / 核对线序,3,ENC_L_A
J3,MG513电机 / 核对线序,4,ENC_L_B
J3,MG513电机 / 核对线序,5,GND
J3,MG513电机 / 核对线序,6,Net-(J3-Pin_6)
J4,MG513电机 / 核对线序,1,Net-(J4-Pin_1)
J4,MG513电机 / 核对线序,2,+3V3
J4,MG513电机 / 核对线序,3,ENC_R_A
J4,MG513电机 / 核对线序,4,ENC_R_B
J4,MG513电机 / 核对线序,5,GND
J4,MG513电机 / 核对线序,6,Net-(J4-Pin_6)
J9,可选逻辑板3.3V输入,1,3V3_FPGA_IN
J9,可选逻辑板3.3V输入,2,GND
J10,惯性传感器电源,1,+3V3_SENS
J10,惯性传感器电源,2,GND
J11,测距传感器1电源,1,+3V3_SENS
J11,测距传感器1电源,2,GND
J12,测距传感器2电源,1,+3V3_SENS
J12,测距传感器2电源,2,GND
J13,测距传感器3电源,1,+3V3_SENS
J13,测距传感器3电源,2,GND
J14,3.3V辅助输出,1,+3V3
J14,3.3V辅助输出,2,GND
J15,急停常闭回路,1,+3V3
J15,急停常闭回路,2,ESTOP_OK
J16,左回生泄放 / 外接3.3Ω,1,VM_L
J16,左回生泄放 / 外接3.3Ω,2,Net-(J16-Pin_2)
J17,右回生泄放 / 外接3.3Ω,1,VM_R
J17,右回生泄放 / 外接3.3Ω,2,Net-(J17-Pin_2)
J18,电源监测 / 外部模数转换,1,+3V3
J18,电源监测 / 外部模数转换,10,USB2_FAULT_PULSE_N
J18,电源监测 / 外部模数转换,11,ESTOP_OK
J18,电源监测 / 外部模数转换,12,POR_OK
J18,电源监测 / 外部模数转换,2,GND
J18,电源监测 / 外部模数转换,3,BAT_ADC
J18,电源监测 / 外部模数转换,4,BAT_WARN_N
J18,电源监测 / 外部模数转换,5,VM_L_IMON
J18,电源监测 / 外部模数转换,6,VM_R_IMON
J18,电源监测 / 外部模数转换,7,MOTOR_POWER_OK
J18,电源监测 / 外部模数转换,8,MOTOR_ARMED
J18,电源监测 / 外部模数转换,9,USB1_FAULT_PULSE_N
JP1,1-2板载 / 2-3逻辑板,1,+3V3_ONBOARD
JP1,1-2板载 / 2-3逻辑板,2,+3V3
JP1,1-2板载 / 2-3逻辑板,3,3V3_FPGA_IN
U2,AT8236双路模块,1,Net-(J3-Pin_1)
U2,AT8236双路模块,10,VREF_L
U2,AT8236双路模块,11,Net-(U2-AIN2)
U2,AT8236双路模块,12,Net-(U2-AIN1)
U2,AT8236双路模块,13,unconnected-(U2-BOUT1-Pad13)
U2,AT8236双路模块,14,unconnected-(U2-BOUT2-Pad14)
U2,AT8236双路模块,2,Net-(J3-Pin_6)
U2,AT8236双路模块,3,GND
U2,AT8236双路模块,4,GND
U2,AT8236双路模块,5,VREF_L
U2,AT8236双路模块,6,VM_L
U2,AT8236双路模块,7,GND
U2,AT8236双路模块,8,GND
U2,AT8236双路模块,9,VM_L
U4,AT8236双路模块,1,Net-(J4-Pin_1)
U4,AT8236双路模块,10,VREF_R
U4,AT8236双路模块,11,Net-(U4-AIN2)
U4,AT8236双路模块,12,Net-(U4-AIN1)
U4,AT8236双路模块,13,unconnected-(U4-BOUT1-Pad13)
U4,AT8236双路模块,14,unconnected-(U4-BOUT2-Pad14)
U4,AT8236双路模块,2,Net-(J4-Pin_6)
U4,AT8236双路模块,3,GND
U4,AT8236双路模块,4,GND
U4,AT8236双路模块,5,VREF_R
U4,AT8236双路模块,6,VM_R
U4,AT8236双路模块,7,GND
U4,AT8236双路模块,8,GND
U4,AT8236双路模块,9,VM_R
USB1,USB4125-GF-A / 六针供电,A12,GND
USB1,USB4125-GF-A / 六针供电,A5,Net-(U7-CC1)
USB1,USB4125-GF-A / 六针供电,A9,USB1_VBUS
USB1,USB4125-GF-A / 六针供电,B12,GND
USB1,USB4125-GF-A / 六针供电,B5,Net-(U7-CC2)
USB1,USB4125-GF-A / 六针供电,B9,USB1_VBUS
USB1,USB4125-GF-A / 六针供电,SH,GND
USB2,USB4125-GF-A / 六针供电,A12,GND
USB2,USB4125-GF-A / 六针供电,A5,Net-(U8-CC1)
USB2,USB4125-GF-A / 六针供电,A9,USB2_VBUS
USB2,USB4125-GF-A / 六针供电,B12,GND
USB2,USB4125-GF-A / 六针供电,B5,Net-(U8-CC2)
USB2,USB4125-GF-A / 六针供电,B9,USB2_VBUS
USB2,USB4125-GF-A / 六针供电,SH,GND
